gene,organ_system,evidence_sources,safetyome_scaled_score,tau_score_percentile,conservation_score_percentile,safetyome_scaled_score_percentile,median_tau_conservation_score,median_all_scores
SF3B1,"Neoplasms benign, malignant and unspecified (incl cysts and polyps)","Clinvar(1), DisGenet(10), DrugBank(3), HPO(10), OpenTargets(172)",5.81,0.04338056531028216,0.9986677635617985,0.9993799921026927,0.5210241644360404,0.9986677635617985
SMAD3,"Neoplasms benign, malignant and unspecified (incl cysts and polyps)","DisGenet(10), GWAS(6), HPO(1), OpenTargets(117), PheGenI(1)",4.92,0.2138085999852656,0.9986677635617985,0.9983581913780801,0.6062381817735321,0.9983581913780801
SRSF2,"Neoplasms benign, malignant and unspecified (incl cysts and polyps)","DisGenet(2), Diseases(2), HPO(15), OpenTargets(104)",4.46,0.01734977038874291,0.9986677635617985,0.9974195202039445,0.5080087669752708,0.9974195202039445
VCP,Nervous system disorders,"Clinvar(5), DisGenet(5), Diseases(5), HPO(135), OpenTargets(10)",5.32,0.01631836153336116,0.9967707079885072,0.9989193158437996,0.5065445347609342,0.9967707079885072
PLP1,Nervous system disorders,"Clinvar(2), DisGenet(8), Diseases(6), HPO(84), OpenTargets(12)",4.49,0.7366899142948355,0.9961506348075931,0.9975026497544215,0.8664202745512144,0.9961506348075931
PBX1,"Neoplasms benign, malignant and unspecified (incl cysts and polyps)","DisGenet(1), Diseases(1), HPO(1), OpenTargets(95)",3.97,0.5530623020063358,0.9971943223398246,0.9956045250185309,0.7751283121730802,0.9956045250185309
CTNNB1,"Neoplasms benign, malignant and unspecified (incl cysts and polyps)","Clinvar(8), DisGenet(39), Diseases(9), DrugBank(1), GWAS(2), HPO(20), OpenTargets(269)",7.65,0.1252732005599077,0.9949473244763144,0.9999307253746026,0.560110262518111,0.9949473244763144
TUBB3,Nervous system disorders,"Clinvar(2), DisGenet(3), HPO(83), OpenTargets(5)",3.86,0.7231710910832249,0.9964330443751381,0.9949394886147153,0.8598020677291816,0.9949394886147153
SMC1A,Nervous system disorders,"Clinvar(2), DisGenet(6), Diseases(2), HPO(87), OpenTargets(16)",4.51,0.2038321750448172,0.9946403575550699,0.9975546057234695,0.5992362662999435,0.9946403575550699
TUBB4A,Nervous system disorders,"Clinvar(1), DisGenet(16), Diseases(2), GWAS(1), HPO(42), OpenTargets(10)",3.72,0.824746445323052,0.9986677635617985,0.9940908744535963,0.9117071044424252,0.9940908744535963
SMAD2,"Neoplasms benign, malignant and unspecified (incl cysts and polyps)","DisGenet(1), GWAS(1), HPO(1), OpenTargets(104)",4.16,0.4462378134132266,0.9939159156209327,0.996505095148698,0.7200768645170796,0.9939159156209327
JAZF1,"Neoplasms benign, malignant and unspecified (incl cysts and polyps)","DisGenet(3), Diseases(2), GWAS(4), OpenTargets(64), PheGenI(1)",3.6,0.4674799243633506,0.9954384715503057,0.9932699701426364,0.7314591979568281,0.9932699701426364
PHOX2B,"Neoplasms benign, malignant and unspecified (incl cysts and polyps)","Clinvar(2), DisGenet(2), Diseases(2), HPO(8), OpenTargets(73)",3.94,0.9179722993050269,0.9926880479359544,0.995410556067418,0.9553301736204907,0.9926880479359544
NR4A2,Nervous system disorders,"Clinvar(3), Diseases(3), GWAS(1), HPO(47), OpenTargets(10), PheGenI(1)",3.51,0.5620011787529776,0.9925038677832076,0.9924248197127874,0.7772525232680927,0.9924248197127874
AKT3,"Neoplasms benign, malignant and unspecified (incl cysts and polyps)","DisGenet(5), DrugBank(1), GWAS(1), OpenTargets(74), TTD(1)",3.82,0.3940043220942511,0.9920004420323666,0.9946554626505857,0.6930023820633089,0.9920004420323666
SMC3,"Congenital, familial and genetic disorders","Clinvar(2), DisGenet(3), Diseases(1), HPO(53), OpenTargets(4)",3.28,0.3182141892389676,0.991576827681049,0.9905959696022943,0.6548955084600083,0.9905959696022943
EBF1,"Neoplasms benign, malignant and unspecified (incl cysts and polyps)","DisGenet(3), GWAS(4), OpenTargets(111), PheGenI(1)",4.39,0.5549593575796272,0.9904594680877189,0.997242869909181,0.7727094128336731,0.9904594680877189
GRIA3,Nervous system disorders,"Clinvar(1), DisGenet(4), DrugBank(5), HPO(33), OpenTargets(12), TTD(1)",3.22,0.8212654404361386,0.9917917045259202,0.9899343969297486,0.9065285724810295,0.9899343969297486
CLTC,Nervous system disorders,"Clinvar(1), DisGenet(3), HPO(51), OpenTargets(13)",3.22,0.03264900174357211,0.9910856806070578,0.9899343969297486,0.511867341175315,0.9899343969297486
MAP3K7,"Congenital, familial and genetic disorders","Clinvar(2), DisGenet(1), HPO(62), OpenTargets(2)",3.2,0.116555339996562,0.9902200338891481,0.9897473554411754,0.553387686942855,0.9897473554411754
POLR3B,Nervous system disorders,"Clinvar(2), DisGenet(9), Diseases(4), GWAS(1), HPO(46), OpenTargets(4), PheGenI(1)",3.71,0.4134169101937575,0.9894587559244615,0.99399042624677,0.7014378330591096,0.9894587559244615
MAX,"Neoplasms benign, malignant and unspecified (incl cysts and polyps)","Clinvar(2), DisGenet(8), GWAS(1), HPO(8), OpenTargets(110)",4.81,0.1386753763414454,0.989157928341642,0.9982161783960153,0.5639166523415438,0.989157928341642
TWIST2,"Congenital, familial and genetic disorders","Clinvar(1), DisGenet(3), GWAS(1), HPO(49), OpenTargets(4)",3.13,0.6227499324672773,0.9986677635617985,0.9890199718745021,0.8107088480145379,0.9890199718745021
HNRNPA1,Nervous system disorders,"Clinvar(4), DisGenet(2), Diseases(3), GWAS(1), HPO(52), OpenTargets(6)",3.6,0.1788757643476339,0.9889491908351956,0.9932699701426364,0.5839124775914147,0.9889491908351956
ACTG1,"Congenital, familial and genetic disorders","Clinvar(4), DisGenet(3), Diseases(3), HPO(31), OpenTargets(15)",3.06,0.02432405883941946,0.9941185137889541,0.9883895727833851,0.5092212863141868,0.9883895727833851
KCNA2,Nervous system disorders,"Clinvar(1), DisGenet(3), Diseases(1), DrugBank(1), HPO(37), OpenTargets(12)",3.18,0.8939981827558262,0.9883352569927064,0.9895083579835542,0.9411667198742664,0.9883352569927064
PURA,Nervous system disorders,"Clinvar(1), DisGenet(18), HPO(33), OpenTargets(10)",3.05,0.3595687728690357,0.9929888755187741,0.9882371686075108,0.6762788241939048,0.9882371686075108
LMO1,"Neoplasms benign, malignant and unspecified (incl cysts and polyps)","DisGenet(2), Diseases(2), GWAS(2), HPO(4), OpenTargets(63), PheGenI(1)",3.77,0.8530058200928268,0.988022150733037,0.9943922190740754,0.9205139854129318,0.988022150733037
SIX1,"Neoplasms benign, malignant and unspecified (incl cysts and polyps)","DisGenet(1), GWAS(1), HPO(4), OpenTargets(58), PheGenI(1)",3.35,0.7829129932958424,0.9876476510891187,0.991181340186903,0.8852803221924805,0.9876476510891187
LMX1B,Musculoskeletal and connective tissue disorders,"Clinvar(2), DisGenet(2), Diseases(1), GWAS(4), HPO(49), OpenTargets(6)",3.48,0.8808170231575846,0.9873959382136981,0.9921615761362771,0.9341064806856414,0.9873959382136981
YWHAG,Nervous system disorders,"Clinvar(1), DisGenet(1), Diseases(2), HPO(39), OpenTargets(10)",2.96,0.1767269958989219,0.9986677635617985,0.987218831614168,0.5876973797303602,0.987218831614168
SOX14,Immune system disorders,OpenTargets(5),0.15,0.9871994793841016,0.995088529260087,0.6281199559413383,0.9911440043220943,0.9871994793841016
TLX3,"Neoplasms benign, malignant and unspecified (incl cysts and polyps)","Diseases(1), OpenTargets(59)",2.33,0.9871994793841016,0.9923872203531348,0.9754109717151704,0.9897933498686182,0.9871994793841016
GNAT1,Eye disorders,"Clinvar(2), DisGenet(2), Diseases(1), HPO(18), OpenTargets(4)",1.87,0.9871994793841016,0.988249306254758,0.9610884429142449,0.9877243928194298,0.9871994793841016
SIX6,Eye disorders,"Clinvar(1), DisGenet(2), Diseases(3), GWAS(6), HPO(22), OpenTargets(20), PheGenI(1)",3.31,0.9871994793841016,0.9558029026792073,0.9908176484035662,0.9715011910316544,0.9871994793841016
PAX7,"Neoplasms benign, malignant and unspecified (incl cysts and polyps)","Clinvar(1), Diseases(4), HPO(2), OpenTargets(77)",3.64,0.9871994793841016,0.9536295768767957,0.9936301981947032,0.9704145281304486,0.9871994793841016
GABRA1,Nervous system disorders,"Clinvar(4), DisGenet(8), Diseases(3), DrugBank(23), HPO(58), OpenTargets(7), TTD(1)",4.66,0.9871994793841016,0.9330627931534098,0.9978732690002979,0.9601311362687557,0.9871994793841016
RPE65,Eye disorders,"Clinvar(5), DisGenet(8), Diseases(6), HPO(41), OpenTargets(12), PheGenI(1), TTD(1)",3.91,0.9871994793841016,0.8799206797475504,0.9952373695039244,0.933560079565826,0.9871994793841016
SLC12A1,Metabolism and nutrition disorders,"Clinvar(3), DisGenet(1), Diseases(2), DrugBank(28), HPO(18), OpenTargets(2), TTD(1)",3.31,0.9871994793841016,0.7787198251516416,0.9908176484035662,0.8829596522678715,0.9871994793841016
CHRNG,Musculoskeletal and connective tissue disorders,"Clinvar(2), DisGenet(3), Diseases(1), HPO(50), OpenTargets(5)",3.22,0.9871994793841016,0.6757999557967633,0.9899343969297486,0.8314997175904324,0.9871994793841016
SAG,Eye disorders,"Clinvar(5), DisGenet(2), Diseases(2), GWAS(1), HPO(37), OpenTargets(6)",3.11,0.9871994793841016,0.618587461015201,0.9888502490422783,0.8028934701996513,0.9871994793841016
GJA8,"Congenital, familial and genetic disorders","Clinvar(1), DisGenet(4), Diseases(1), HPO(43), OpenTargets(11)",3.19,0.9871994793841016,0.5806647675646472,0.9896330523092697,0.7839321234743744,0.9871994793841016
TYR,Skin and subcutaneous tissue disorders,"Clinvar(1), DisGenet(25), Diseases(1), DrugBank(7), GWAS(19), HPO(17), OpenTargets(27), PheGenI(7), TTD(1)",4.92,0.9871994793841016,0.5722293165688466,0.9983581913780801,0.779714397976474,0.9871994793841016
FGF8,"Congenital, familial and genetic disorders","Clinvar(2), DisGenet(4), Diseases(3), HPO(52), OpenTargets(9)",3.49,0.9871994793841016,0.5720083003855505,0.9922966616558021,0.7796038898848261,0.9871994793841016
GUCY2D,Eye disorders,"Clinvar(5), DisGenet(8), Diseases(4), GWAS(1), HPO(34), OpenTargets(12)",3.48,0.9871994793841016,0.5215490778713686,0.9921615761362771,0.7543742786277351,0.9871994793841016
MPL,"Neoplasms benign, malignant and unspecified (incl cysts and polyps)","Clinvar(3), DisGenet(9), Diseases(4), DrugBank(1), HPO(14), OpenTargets(116)",5.31,0.9871994793841016,0.4134353282090322,0.9988950697249105,0.7003174037965669,0.9871994793841016
SLC45A2,Skin and subcutaneous tissue disorders,"Clinvar(1), DisGenet(8), Diseases(1), GWAS(27), HPO(9), OpenTargets(24), PheGenI(5)",3.94,0.9871994793841016,0.3255200019645883,0.995410556067418,0.6563597406743449,0.9871994793841016
IL23R,Immune system disorders,"DisGenet(18), Diseases(4), GWAS(13), HPO(5), OpenTargets(14), PheGenI(12)",3.54,0.9871994793841016,0.2822008300385551,0.9926395710515196,0.6347001547113283,0.9871994793841016
IL12B,Immune system disorders,"DisGenet(2), Diseases(3), DrugBank(8), GWAS(15), HPO(4), OpenTargets(21), PheGenI(1)",3.27,0.9871994793841016,0.2751467301883549,0.99044356542642,0.6311731047862282,0.9871994793841016
IMPG2,Eye disorders,"Clinvar(5), DisGenet(6), Diseases(1), DrugBank(1), GWAS(1), HPO(36), OpenTargets(10)",3.48,0.9871994793841016,0.2731330271849906,0.9921615761362771,0.630166253284546,0.9871994793841016
TERT,"Neoplasms benign, malignant and unspecified (incl cysts and polyps)","Clinvar(6), DisGenet(1), Diseases(5), DrugBank(6), GWAS(40), HPO(24), OpenTargets(166), PheGenI(13), TTD(1)",7.18,0.9871994793841016,0.1826882935094914,0.999864914480475,0.5849438864467965,0.9871994793841016
NUTM1,"Neoplasms benign, malignant and unspecified (incl cysts and polyps)","HPO(8), OpenTargets(84)",3.07,0.9871994793841016,0.1795695095896466,0.988503875915291,0.5833844944868741,0.9871994793841016
IL13,Immune system disorders,"Clinvar(2), DisGenet(9), Diseases(4), DrugBank(2), GWAS(13), HPO(4), OpenTargets(11), PheGenI(3)",3.15,0.9871994793841016,0.1762481275017804,0.989213940825615,0.581723803442941,0.9871994793841016
SHOX,Musculoskeletal and connective tissue disorders,"Clinvar(2), DisGenet(3), Diseases(2), HPO(43), OpenTargets(3)",2.96,0.9871994793841016,0.0656049704083888,0.987218831614168,0.5264022248962452,0.9871994793841016
SSX1,"Neoplasms benign, malignant and unspecified (incl cysts and polyps)","Diseases(1), OpenTargets(89)",3.03,0.9871994793841016,0.007404042140418949,0.9879669975684606,0.4973017607622602,0.9871994793841016
TSBP1,Infections and infestations,"DisGenet(4), GWAS(99), OpenTargets(1)",3.78,0.9871994793841016,0.001608506667321529,0.9944614936994728,0.4944039930257115,0.9871994793841016
SMARCA4,"Neoplasms benign, malignant and unspecified (incl cysts and polyps)","Clinvar(3), DisGenet(9), Diseases(2), GWAS(1), HPO(6), OpenTargets(202)",6.34,0.2379484786719383,0.9870214385697798,0.9996501631417428,0.612484958620859,0.9870214385697798
OTX2,"Congenital, familial and genetic disorders","Clinvar(1), DisGenet(6), Diseases(3), HPO(32), OpenTargets(10)",2.92,0.9310306721347708,0.9884948797917537,0.9866577071484486,0.9597627759632622,0.9866577071484486
PPP3CA,Nervous system disorders,"Clinvar(1), DisGenet(18), Diseases(1), GWAS(2), HPO(47), OpenTargets(8)",3.86,0.4949841605068638,0.9866469389258613,0.9949394886147153,0.7408155497163625,0.9866469389258613
ACTA2,Vascular disorders,"Clinvar(4), DisGenet(5), Diseases(2), HPO(35), OpenTargets(5)",2.89,0.4518614474104271,0.9986677635617985,0.9862697692462228,0.7252646054861128,0.9862697692462228
NEUROD2,Nervous system disorders,"Clinvar(1), Diseases(1), GWAS(1), HPO(46), OpenTargets(1)",2.85,0.9871994793841016,0.9471709928538101,0.9857363546306623,0.9671852361189559,0.9857363546306623
IL21,Immune system disorders,"Clinvar(1), DisGenet(1), Diseases(2), GWAS(18), HPO(3), OpenTargets(14), PheGenI(4)",2.85,0.9871994793841016,0.1951695685272955,0.9857363546306623,0.5911845239556985,0.9857363546306623
DMP1,Musculoskeletal and connective tissue disorders,"Clinvar(4), DisGenet(2), Diseases(3), GWAS(2), HPO(24), OpenTargets(11)",2.85,0.9871994793841016,0.1904422779401292,0.9857363546306623,0.5888208786621154,0.9857363546306623
STAG2,"Neoplasms benign, malignant and unspecified (incl cysts and polyps)","DisGenet(13), Diseases(1), HPO(2), OpenTargets(163)",5.33,0.1523599616905282,0.9855786940399303,0.9989366345001489,0.5689693278652292,0.9855786940399303
TAFA1,Musculoskeletal and connective tissue disorders,"DisGenet(2), OpenTargets(1)",0.14,0.9871994793841016,0.9848419734289433,0.6008257535347378,0.9860207264065224,0.9848419734289433
GABRG2,Nervous system disorders,"Clinvar(2), DisGenet(2), Diseases(5), DrugBank(7), HPO(100), OpenTargets(13), TTD(1)",5.18,0.9497372363154146,0.984743744014145,0.9987669116679252,0.9672404901647798,0.984743744014145
GLRA2,Nervous system disorders,"Clinvar(1), DrugBank(2), HPO(8)",0.71,0.9871994793841016,0.9843692443702267,0.8625522157488933,0.9857843618771641,0.9843692443702267
CFL2,Musculoskeletal and connective tissue disorders,"Clinvar(2), DisGenet(2), Diseases(1), HPO(41), OpenTargets(1)",2.74,0.4989317551140689,0.9868127010633334,0.9842642688409663,0.7428722280887011,0.9842642688409663
EFTUD2,"Congenital, familial and genetic disorders","Clinvar(1), DisGenet(14), Diseases(2), HPO(27), OpenTargets(3)",2.74,0.05410598953856732,0.9898516735836547,0.9842642688409663,0.521978831561111,0.9842642688409663
CRLF2,"Neoplasms benign, malignant and unspecified (incl cysts and polyps)","DisGenet(3), OpenTargets(73)",2.73,0.9871994793841016,0.02290587166326957,0.9840010252644559,0.5050526755236856,0.9840010252644559
SYNGAP1,Nervous system disorders,"Clinvar(1), DisGenet(21), Diseases(2), GWAS(2), HPO(63), OpenTargets(17)",4.56,0.5129785614302202,0.9836448024360895,0.9977035461680741,0.7483116819331549,0.9836448024360895
TBR1,Nervous system disorders,"Clinvar(2), DisGenet(13), Diseases(1), HPO(16), OpenTargets(14)",2.7,0.973275459836448,0.9872240367378011,0.9836130873622301,0.9802497482871246,0.9836130873622301
GRM1,Nervous system disorders,"Clinvar(1), DisGenet(3), Diseases(2), HPO(35), OpenTargets(5)",2.7,0.9871994793841016,0.8477198497089954,0.9836130873622301,0.9174596645465485,0.9836130873622301
CLRN1,Eye disorders,"Clinvar(5), DisGenet(5), Diseases(2), HPO(30), OpenTargets(4)",2.7,0.9871994793841016,0.613614596891039,0.9836130873622301,0.8004070381375703,0.9836130873622301
SATB2,"Congenital, familial and genetic disorders","Clinvar(1), DisGenet(11), Diseases(2), GWAS(3), HPO(44), OpenTargets(13)",3.77,0.693223398246605,0.9832089094079222,0.9943922190740754,0.8382161538272636,0.9832089094079222
SLC12A3,Metabolism and nutrition disorders,"Clinvar(1), DisGenet(1), Diseases(1), DrugBank(5), HPO(27), OpenTargets(3), TTD(1)",2.67,0.9871994793841016,0.7408278283932124,0.983176657222226,0.8640136538886569,0.983176657222226
PATZ1,"Neoplasms benign, malignant and unspecified (incl cysts and polyps)","Diseases(1), OpenTargets(76)",2.75,0.3153655362098181,0.9828589671177034,0.9844270642106503,0.6491122516637607,0.9828589671177034
DYNC1H1,Nervous system disorders,"Clinvar(5), DisGenet(35), Diseases(4), HPO(34), OpenTargets(30)",4.41,0.08426855922005845,0.9827361803492056,0.9972913621469592,0.5335023697846321,0.9827361803492056
SLC34A1,Renal and urinary disorders,"Clinvar(3), DisGenet(5), GWAS(4), HPO(22), OpenTargets(6), PheGenI(1)",2.65,0.9871994793841016,0.7235762874192677,0.9825808954438079,0.8553878834016846,0.9825808954438079
PAX5,"Neoplasms benign, malignant and unspecified (incl cysts and polyps)","Clinvar(1), DisGenet(3), Diseases(4), HPO(1), OpenTargets(119)",4.8,0.8852926008693304,0.9823064266594632,0.998171149889507,0.9337995137643968,0.9823064266594632
FZD2,"Congenital, familial and genetic disorders","Clinvar(1), DisGenet(2), Diseases(1), HPO(44), OpenTargets(4)",2.92,0.6798150831266423,0.9821283858451413,0.9866577071484486,0.8309717344858918,0.9821283858451413
HSP90AB1,"Neoplasms benign, malignant and unspecified (incl cysts and polyps)","DrugBank(4), OpenTargets(51), TTD(1)",2.6,0.05839738709756637,0.9922398762309373,0.9819885973966596,0.5253186316642519,0.9819885973966596
STAT3,"Neoplasms benign, malignant and unspecified (incl cysts and polyps)","DisGenet(1), Diseases(8), HPO(6), OpenTargets(119), TTD(1)",4.92,0.05921391910807691,0.9818459762775963,0.9983581913780801,0.5205299476928366,0.9818459762775963
FKBP6,"Congenital, familial and genetic disorders","Diseases(1), GWAS(2), HPO(44), OpenTargets(1)",2.59,0.9871994793841016,0.5327902065273447,0.9816560791947517,0.7599948429557231,0.9816560791947517
HTR1A,Psychiatric disorders,"DrugBank(44), GWAS(2), HPO(1), PheGenI(1)",2.59,0.9871994793841016,0.04414798261339358,0.9816560791947517,0.5156737309987476,0.9816560791947517
NOG,Musculoskeletal and connective tissue disorders,"Clinvar(5), DisGenet(4), Diseases(1), GWAS(2), HPO(52), OpenTargets(7), PheGenI(1)",3.86,0.7945040642420372,0.9814591979568281,0.9949394886147153,0.8879816310994326,0.9814591979568281
PAX4,Metabolism and nutrition disorders,"Clinvar(3), DisGenet(3), Diseases(2), GWAS(4), HPO(19), OpenTargets(5), PheGenI(1)",2.58,0.9871994793841016,0.3083359937133174,0.9813685894993522,0.6477677365487096,0.9813685894993522
MMP13,Musculoskeletal and connective tissue disorders,"Clinvar(2), DisGenet(5), HPO(37), OpenTargets(3)",2.56,0.9871994793841016,0.5683922300532894,0.9810810998039529,0.7777958547186955,0.9810810998039529
RAD51,"Congenital, familial and genetic disorders","Clinvar(1), DisGenet(12), Diseases(2), GWAS(1), HPO(59), OpenTargets(2)",3.86,0.8572051275754524,0.9808022887453648,0.9949394886147153,0.9190037081604086,0.9808022887453648
CNKSR2,Nervous system disorders,"Clinvar(1), DisGenet(2), GWAS(2), HPO(36), OpenTargets(9)",2.85,0.8285098597775103,0.9805935512389184,0.9857363546306623,0.9045517055082144,0.9805935512389184
HSP90AA1,"Neoplasms benign, malignant and unspecified (incl cysts and polyps)","DrugBank(5), OpenTargets(63)",2.53,0.03143955207386852,0.9826072542422829,0.9803779623561686,0.5070234031580757,0.9803779623561686
YY1,Nervous system disorders,"Clinvar(1), DisGenet(1), HPO(43), OpenTargets(3)",2.59,0.2246997863510228,0.9803663957171975,0.9816560791947517,0.6025330910341101,0.9803663957171975
FOXH1,"Congenital, familial and genetic disorders","Clinvar(1), Diseases(2), HPO(35), OpenTargets(8)",2.52,0.9871994793841016,0.2790329314113111,0.9801909208675954,0.6331162053977064,0.9801909208675954
CHRNB4,"Respiratory, thoracic and mediastinal disorders","DisGenet(6), DrugBank(31), GWAS(7), OpenTargets(2)",2.52,0.9871994793841016,0.09703224380540752,0.9801909208675954,0.5421158615947546,0.9801909208675954
IL1RAPL1,Psychiatric disorders,"Clinvar(1), DisGenet(2), GWAS(1), HPO(6), OpenTargets(4)",1.11,0.9871994793841016,0.9801576582107512,0.9143315345022272,0.9836785687974263,0.9801576582107512
NEUROD6,Nervous system disorders,"GWAS(8), OpenTargets(1), PheGenI(1)",0.65,0.9871994793841016,0.97994278136588,0.8514301746413306,0.9835711303749908,0.97994278136588
TNNC1,Cardiac disorders,"Clinvar(5), DisGenet(3), Diseases(2), DrugBank(3), GWAS(1), HPO(19), OpenTargets(7)",2.72,0.7416566390805727,0.9798629699663565,0.9838486210885815,0.8607598045234646,0.9798629699663565
PRRX1,"Neoplasms benign, malignant and unspecified (incl cysts and polyps)","GWAS(1), HPO(1), OpenTargets(51)",2.51,0.5815304142825569,0.9907664350089634,0.979820301621719,0.7861484246457602,0.979820301621719
GDF2,Vascular disorders,"Clinvar(2), DisGenet(1), Diseases(2), HPO(32), OpenTargets(4)",2.51,0.9871994793841016,0.34972127403551,0.979820301621719,0.6684603767098057,0.979820301621719
AP2M1,Nervous system disorders,"Clinvar(2), Diseases(1), HPO(33), OpenTargets(9)",2.48,0.02086761130620564,0.9986677635617985,0.9794496823758425,0.5097676874340021,0.9794496823758425
ACTG2,"Congenital, familial and genetic disorders","Clinvar(4), DisGenet(2), Diseases(1), GWAS(1), HPO(20), OpenTargets(9)",2.47,0.6155546278333047,0.9986677635617985,0.9790444258172674,0.8071111956975516,0.9790444258172674
SLCO1B1,Renal and urinary disorders,"GWAS(63), HPO(2)",2.46,0.9871994793841016,0.1811350408879939,0.9786911252277404,0.5841672601360477,0.9786911252277404
CLP1,Nervous system disorders,"Clinvar(2), DisGenet(1), Diseases(2), GWAS(2), HPO(27), OpenTargets(4)",2.52,0.3852127894698067,0.9786780776503524,0.9801909208675954,0.6819454335600796,0.9786780776503524
FSHB,Reproductive system and breast disorders,"DisGenet(2), Diseases(1), GWAS(8), HPO(17), OpenTargets(4), PheGenI(1), TTD(1)",2.44,0.9871994793841016,0.1425124628570025,0.9784555915013889,0.5648559711205521,0.9784555915013889
CRYAA,Eye disorders,"Clinvar(1), DisGenet(2), Diseases(2), GWAS(1), HPO(15), OpenTargets(12), PheGenI(1)",2.44,0.9871994793841016,0.1220684659021144,0.9784555915013889,0.554633972643108,0.9784555915013889
GRIA4,Nervous system disorders,"Clinvar(1), DisGenet(3), DrugBank(5), GWAS(1), HPO(20), OpenTargets(3), TTD(1)",2.44,0.9395827705606444,0.9782606026374598,0.9784555915013889,0.9589216865990522,0.9782606026374598
POU4F1,Nervous system disorders,"Clinvar(1), HPO(24), OpenTargets(1)",1.49,0.9871994793841016,0.9775975540875715,0.9434268771691617,0.9823985167358366,0.9775975540875715
NF2,"Neoplasms benign, malignant and unspecified (incl cysts and polyps)","Clinvar(2), DisGenet(13), Diseases(4), GWAS(1), HPO(27), OpenTargets(152)",6.05,0.2669384347142752,0.9774195132732497,0.9995012226971383,0.6221789739937624,0.9774195132732497
RARA,"Neoplasms benign, malignant and unspecified (incl cysts and polyps)","Clinvar(1), Diseases(2), DrugBank(7), HPO(3), OpenTargets(92), TTD(1)",4.56,0.282544632990349,0.9771984970899535,0.9977035461680741,0.6298715650401513,0.9771984970899535
SRGAP3,"Neoplasms benign, malignant and unspecified (incl cysts and polyps)","DisGenet(1), OpenTargets(68)",2.56,0.7119545197809484,0.9770265956140566,0.9810810998039529,0.8444905576975025,0.9770265956140566
PDX1,Metabolism and nutrition disorders,"Clinvar(4), DisGenet(4), Diseases(3), HPO(21), OpenTargets(6)",2.38,0.9871994793841016,0.6690221261756834,0.977007751830582,0.8281108027798925,0.977007751830582
POU1F1,Endocrine disorders,"Clinvar(2), DisGenet(2), Diseases(1), HPO(25), OpenTargets(8)",2.38,0.9871994793841016,0.6464784754794823,0.977007751830582,0.8168389774317919,0.977007751830582
LHX4,Endocrine disorders,"Clinvar(2), DisGenet(1), Diseases(1), HPO(30), OpenTargets(6)",2.47,0.7014255543822597,0.9768731121534343,0.9790444258172674,0.839149333267847,0.9768731121534343
ATP6V1B2,"Congenital, familial and genetic disorders","Clinvar(2), DisGenet(2), HPO(64), OpenTargets(6)",3.39,0.2113160285847597,0.976326711033619,0.9915796692829384,0.5938213698091893,0.976326711033619
TUBB,"Congenital, familial and genetic disorders","Clinvar(1), DisGenet(5), GWAS(1), HPO(36), OpenTargets(4)",2.74,0.098757397902802,0.9760811374966234,0.9842642688409663,0.5374192676997127,0.9760811374966234
GNRHR,Reproductive system and breast disorders,"DisGenet(5), DrugBank(8), HPO(19), OpenTargets(4), TTD(1)",2.34,0.9871994793841016,0.6877102723410525,0.9759582412558104,0.837454875862577,0.9759582412558104
TAL2,"Neoplasms benign, malignant and unspecified (incl cysts and polyps)","Clinvar(1), Diseases(1), GWAS(2), HPO(2), OpenTargets(31)",2.34,0.9871994793841016,0.1231735468185948,0.9759582412558104,0.5551865131013483,0.9759582412558104
ZPBP2,Immune system disorders,"DisGenet(10), GWAS(15), OpenTargets(13), PheGenI(3)",2.33,0.9871994793841016,0.2973281599174873,0.9754109717151704,0.6422638196507944,0.9754109717151704
POLR2A,"Neoplasms benign, malignant and unspecified (incl cysts and polyps)","DisGenet(3), GWAS(2), OpenTargets(35), PheGenI(1)",2.33,0.2076876795756489,0.9952051766901598,0.9754109717151704,0.6014464281329044,0.9754109717151704
SNRPB,"Congenital, familial and genetic disorders","Clinvar(1), DisGenet(1), HPO(33), OpenTargets(6)",2.33,0.02022298077159205,0.9965988065126102,0.9754109717151704,0.5084108936421011,0.9754109717151704
DDX5,"Neoplasms benign, malignant and unspecified (incl cysts and polyps)","OpenTargets(59), TTD(1)",2.33,0.02096584072100391,0.9792183394317429,0.9754109717151704,0.5000920900763733,0.9754109717151704
PRKCB,"Neoplasms benign, malignant and unspecified (incl cysts and polyps)","DisGenet(2), DrugBank(4), OpenTargets(72)",3.2,0.7187384887404533,0.9753259988703618,0.9897473554411754,0.8470322438054075,0.9753259988703618
TRIM27,"Neoplasms benign, malignant and unspecified (incl cysts and polyps)","Diseases(1), OpenTargets(58)",2.3,0.06178630190810638,0.9788438397878244,0.9751927566451685,0.5203150708479654,0.9751927566451685
FBXO11,"Neoplasms benign, malignant and unspecified (incl cysts and polyps)","DisGenet(17), GWAS(1), HPO(2), OpenTargets(189)",5.71,0.1966859851182436,0.9750927040102159,0.9992795438958664,0.5858893445642297,0.9750927040102159
RGS7,"Neoplasms benign, malignant and unspecified (incl cysts and polyps)","DisGenet(1), OpenTargets(70)",2.61,0.9039377716657253,0.9748225731195206,0.9820925093347558,0.939380172392623,0.9748225731195206
HOXA13,"Congenital, familial and genetic disorders","Clinvar(2), DisGenet(2), Diseases(2), GWAS(1), HPO(22), OpenTargets(4)",2.29,0.829657916062965,0.9784877581591808,0.9746939793423067,0.9040728371110729,0.9746939793423067
PROP1,Endocrine disorders,"Clinvar(2), DisGenet(1), Diseases(1), HPO(25), OpenTargets(7)",2.29,0.9871994793841016,0.06360354608187421,0.9746939793423067,0.5254015127329879,0.9746939793423067
CTNNA1,"Neoplasms benign, malignant and unspecified (incl cysts and polyps)","DisGenet(2), Diseases(2), OpenTargets(83)",3.41,0.124634709363719,0.9746138356130744,0.9917043636086538,0.5496242724883966,0.9746138356130744
PAX3,"Neoplasms benign, malignant and unspecified (incl cysts and polyps)","Clinvar(1), Diseases(4), HPO(2), OpenTargets(116)",4.46,0.9150622528916283,0.974405098106628,0.9974195202039445,0.9447336754991282,0.974405098106628
MYOD1,"Neoplasms benign, malignant and unspecified (incl cysts and polyps)","DisGenet(3), Diseases(2), GWAS(1), OpenTargets(66)",3.34,0.9742884506765551,0.525023943419857,0.9910289360110285,0.7496561970482061,0.9742884506765551
SHOC2,"Congenital, familial and genetic disorders","Clinvar(1), DisGenet(6), Diseases(2), HPO(24), OpenTargets(5)",2.38,0.1552700081039267,0.9740735738316839,0.977007751830582,0.5646717909678053,0.9740735738316839
SMARCD1,"Neoplasms benign, malignant and unspecified (incl cysts and polyps)","DisGenet(4), GWAS(1), HPO(3), OpenTargets(51)",2.96,0.06108641732766877,0.9737850249257141,0.987218831614168,0.5174357211266915,0.9737850249257141
MESP2,"Congenital, familial and genetic disorders","Clinvar(4), DisGenet(2), Diseases(1), HPO(26), OpenTargets(2)",2.25,0.9871994793841016,0.2009282679698436,0.9737414532430916,0.5940638736769726,0.9737414532430916
NKX2-6,"Congenital, familial and genetic disorders","Clinvar(1), DisGenet(2), HPO(32), OpenTargets(4)",2.25,0.9871994793841016,0.1812885243486162,0.9737414532430916,0.5842440018663588,0.9737414532430916
HTR6,Psychiatric disorders,"DrugBank(30), GWAS(1), OpenTargets(2), PheGenI(1), TTD(1)",2.25,0.9871994793841016,0.04285258220574151,0.9737414532430916,0.5150260307949215,0.9737414532430916
EBF3,Nervous system disorders,"Clinvar(1), DisGenet(26), GWAS(1), HPO(23), OpenTargets(13)",3.31,0.6987365241521574,0.9735333120502935,0.9908176484035662,0.8361349181012254,0.9735333120502935
CNOT1,Nervous system disorders,"Clinvar(1), DisGenet(1), Diseases(1), GWAS(2), HPO(20), OpenTargets(7)",2.24,0.2099592347928587,0.9878379705802902,0.9731872562399119,0.5988986026865745,0.9731872562399119
UBR5,"Neoplasms benign, malignant and unspecified (incl cysts and polyps)","DisGenet(8), OpenTargets(119)",3.71,0.08058495616512365,0.9730237469610274,0.99399042624677,0.5268043515630756,0.9730237469610274
EPHA7,"Neoplasms benign, malignant and unspecified (incl cysts and polyps)","DisGenet(3), OpenTargets(76)",2.79,0.7673067950197686,0.9728272881314309,0.9850436083766877,0.8700670415755998,0.9728272881314309
NPR2,Musculoskeletal and connective tissue disorders,"Clinvar(2), DisGenet(13), DrugBank(2), HPO(34), OpenTargets(8)",3.16,0.4062952776208836,0.9725387392254611,0.9893524900764099,0.6894170084231723,0.9725387392254611
TACR3,Reproductive system and breast disorders,"DisGenet(2), DrugBank(2), GWAS(1), HPO(24), OpenTargets(5)",2.21,0.9871994793841016,0.6342489133370988,0.9725118286422866,0.8107241963606002,0.9725118286422866
OPRM1,Psychiatric disorders,"Diseases(4), DrugBank(23), GWAS(5), OpenTargets(1), TTD(1)",2.21,0.9871994793841016,0.4866407995874364,0.9725118286422866,0.736920139485769,0.9725118286422866
PRPF8,Eye disorders,"Clinvar(2), DisGenet(3), Diseases(1), HPO(24), OpenTargets(4)",2.21,0.06827558262321652,0.997010142187078,0.9725118286422866,0.5326428624051472,0.9725118286422866
EZH2,"Neoplasms benign, malignant and unspecified (incl cysts and polyps)","DisGenet(9), Diseases(2), DrugBank(1), HPO(1), OpenTargets(164), TTD(1)",5.78,0.6835784975811007,0.9721765182583925,0.9993314998649144,0.8278775079197466,0.9721765182583925
KCNC1,Nervous system disorders,"Clinvar(1), DisGenet(12), Diseases(2), DrugBank(1), HPO(12), OpenTargets(3)",2.19,0.9519719555020751,0.9944316200486235,0.9719056756700588,0.9732017877753494,0.9719056756700588
TSHR,"Neoplasms benign, malignant and unspecified (incl cysts and polyps)","DisGenet(2), Diseases(2), DrugBank(1), OpenTargets(120), TTD(1)",4.76,0.9718879693524226,0.2242270572923062,0.9980914840702999,0.5980575133223645,0.9718879693524226
HOXC13,"Neoplasms benign, malignant and unspecified (incl cysts and polyps)","DisGenet(1), HPO(2), OpenTargets(57)",2.72,0.9715871417696029,0.9696593895041871,0.9838486210885815,0.9706232656368949,0.9715871417696029
RPGRIP1,"Congenital, familial and genetic disorders","Clinvar(3), DisGenet(7), Diseases(3), HPO(37), OpenTargets(7)",3.09,0.9713231502173326,0.1834127354436286,0.9887047723289436,0.5773679428304807,0.9713231502173326
C11orf65,"Neoplasms benign, malignant and unspecified (incl cysts and polyps)","DisGenet(27), GWAS(4), OpenTargets(27)",2.66,0.9710468799882125,0.2291446673706442,0.9829134136457157,0.6000957736794283,0.9710468799882125
ITPR1,Nervous system disorders,"Clinvar(3), DisGenet(14), Diseases(3), DrugBank(1), HPO(50), OpenTargets(9)",3.94,0.5093502124211094,0.9709425112349893,0.995410556067418,0.7401463618280494,0.9709425112349893
RAG2,Immune system disorders,"Clinvar(2), DisGenet(8), Diseases(2), HPO(13), OpenTargets(9)",2.21,0.9708995358660151,0.6373001645342697,0.9725118286422866,0.8040998502001424,0.9708995358660151
KCNJ1,Metabolism and nutrition disorders,"Clinvar(3), DisGenet(1), Diseases(2), DrugBank(5), HPO(17), OpenTargets(2)",2.14,0.9871994793841016,0.6329719309447214,0.970644877487825,0.8100857051644115,0.970644877487825
SP7,Musculoskeletal and connective tissue disorders,"Clinvar(2), DisGenet(1), Diseases(1), GWAS(1), HPO(22), OpenTargets(3)",2.14,0.9871994793841016,0.1980734756022691,0.970644877487825,0.5926364774931854,0.970644877487825
GJB1,Nervous system disorders,"Clinvar(3), DisGenet(12), Diseases(5), HPO(51), OpenTargets(15)",3.92,0.7709842587362786,0.9704145281304487,0.9952858617417026,0.8706993934333637,0.9704145281304487
GRM3,"Neoplasms benign, malignant and unspecified (incl cysts and polyps)","Diseases(1), GWAS(1), OpenTargets(76)",3.2,0.970279462685101,0.4742577539844307,0.9897473554411754,0.7222686083347658,0.970279462685101
SMAD4,"Neoplasms benign, malignant and unspecified (incl cysts and polyps)","Clinvar(3), DisGenet(20), Diseases(4), HPO(20), OpenTargets(176)",6.13,0.1502603079492154,0.9701321185629037,0.999535860009837,0.5601962132560595,0.9701321185629037
F2,Vascular disorders,"Clinvar(1), DisGenet(6), Diseases(3), DrugBank(13), GWAS(2), HPO(24), OpenTargets(6), PheGenI(4)",3.56,0.9700216104712556,0.4164129073451045,0.9928751047778709,0.69321725890818,0.9700216104712556
PRKCG,Nervous system disorders,"Clinvar(1), DisGenet(1), Diseases(2), HPO(25), OpenTargets(3)",2.11,0.9266042091304241,0.9754733429925592,0.9698170457143253,0.9510387760614916,0.9698170457143253
PRPF31,Eye disorders,"Clinvar(2), DisGenet(3), Diseases(1), HPO(23), OpenTargets(3)",2.11,0.03423295105719407,0.9857444561774024,0.9698170457143253,0.5099887036172982,0.9698170457143253
MOG,Psychiatric disorders,"Clinvar(1), DisGenet(1), Diseases(1), GWAS(4), HPO(24), OpenTargets(1)",2.24,0.9697944549495346,0.1006605928145183,0.9731872562399119,0.5352275238820264,0.9697944549495346
GRIN2B,Nervous system disorders,"Clinvar(2), DisGenet(20), Diseases(3), DrugBank(2), HPO(25), OpenTargets(19), TTD(1)",3.86,0.969548881412539,0.9618378723508755,0.9949394886147153,0.9656933768817073,0.969548881412539
CACNB4,Nervous system disorders,"Clinvar(5), DisGenet(3), Diseases(2), DrugBank(3), HPO(30), OpenTargets(7)",3.0,0.864688981115395,0.9695243240588394,0.9877418550359189,0.9171066525871172,0.9695243240588394
EIF1AX,"Neoplasms benign, malignant and unspecified (incl cysts and polyps)","Diseases(1), OpenTargets(55)",2.22,0.1432737408216891,0.9693831192750669,0.9729621137073702,0.556328430048378,0.9693831192750669
SF3B4,"Congenital, familial and genetic disorders","Clinvar(1), DisGenet(4), Diseases(3), GWAS(1), HPO(53), OpenTargets(5)",3.57,0.1017472557157241,0.9692234964760198,0.9929443794032684,0.535485376095872,0.9692234964760198
F9,Blood and lymphatic system disorders,"Clinvar(3), DisGenet(4), Diseases(1), DrugBank(8), HPO(5), OpenTargets(8)",2.09,0.9871994793841016,0.4271076348812652,0.9690654160287628,0.7071535571326834,0.9690654160287628
SPTBN1,Nervous system disorders,"Clinvar(1), GWAS(2), HPO(64), OpenTargets(7)",3.39,0.3087903047567594,0.9687937427862774,0.9915796692829384,0.6387920237715183,0.9687937427862774
OLIG2,"Neoplasms benign, malignant and unspecified (incl cysts and polyps)","Diseases(1), OpenTargets(50)",2.08,0.9871994793841016,0.7436396453918126,0.9687190429017755,0.865419562387957,0.9687190429017755
RPS6KA3,Musculoskeletal and connective tissue disorders,"Clinvar(1), DisGenet(17), Diseases(1), DrugBank(5), HPO(36), OpenTargets(13)",3.75,0.2455673976572285,0.968535890572432,0.9942848434047092,0.6070516441148301,0.968535890572432
RRAS2,"Congenital, familial and genetic disorders","Clinvar(1), DisGenet(1), GWAS(2), HPO(25), OpenTargets(2)",2.07,0.1690773802215073,0.9986677635617985,0.9683588148497086,0.583872571891653,0.9683588148497086
PKD1L1,"Congenital, familial and genetic disorders","Clinvar(1), DisGenet(9), Diseases(1), HPO(14), OpenTargets(6)",2.07,0.9871994793841016,0.03209646128533189,0.9683588148497086,0.5096479703347168,0.9683588148497086
MC4R,Metabolism and nutrition disorders,"DisGenet(3), Diseases(1), GWAS(13), HPO(6), OpenTargets(11), PheGenI(4), TTD(1)",2.67,0.9683087350507109,0.8456324746445323,0.983176657222226,0.9069706048476216,0.9683087350507109
DOCK7,"Congenital, familial and genetic disorders","DisGenet(2), GWAS(36), HPO(7), OpenTargets(1)",2.52,0.5300582009282679,0.9682227843127624,0.9801909208675954,0.7491404926205152,0.9682227843127624
CHRNA2,Nervous system disorders,"Clinvar(2), DisGenet(4), Diseases(2), DrugBank(11), GWAS(2), HPO(19), OpenTargets(3), TTD(1)",2.99,0.9678360059919943,0.5262211144127109,0.9875894508600445,0.7470285602023525,0.9678360059919943
KLHL7,Eye disorders,"Clinvar(2), DisGenet(4), Diseases(1), HPO(22), OpenTargets(3)",2.11,0.5189521377176396,0.9677868912845952,0.9698170457143253,0.7433695145011174,0.9677868912845952
CA8,Nervous system disorders,"Clinvar(1), DisGenet(5), DrugBank(1), GWAS(1), HPO(17), OpenTargets(3)",2.04,0.7463532329756145,0.9820178777534933,0.9676452862081149,0.8641855553645539,0.9676452862081149
SLC32A1,Nervous system disorders,"Clinvar(2), HPO(53), OpenTargets(4)",2.69,0.9257569804277891,0.9675167603939,0.9833255976668306,0.9466368704108445,0.9675167603939
ZIC3,"Congenital, familial and genetic disorders","Clinvar(2), DisGenet(4), Diseases(2), HPO(50), OpenTargets(7)",3.35,0.9672527688416296,0.4198079614940694,0.991181340186903,0.6935303651678495,0.9672527688416296
ACTL6B,Nervous system disorders,"Clinvar(2), DisGenet(19), Diseases(1), GWAS(1), HPO(49), OpenTargets(8)",3.94,0.9155104245966454,0.9671545394268314,0.995410556067418,0.9413324820117384,0.9671545394268314
RTL1,"Congenital, familial and genetic disorders","GWAS(1), HPO(50), OpenTargets(2)",2.51,0.9669396625819602,0.03048181527958547,0.979820301621719,0.4987107389307728,0.9669396625819602
TAB2,Cardiac disorders,"Clinvar(1), DisGenet(3), GWAS(4), HPO(16), OpenTargets(6)",2.02,0.9871994793841016,0.860901009307237,0.9668451642847742,0.9240502443456693,0.9668451642847742
PRKG1,Vascular disorders,"Clinvar(2), DisGenet(2), Diseases(2), HPO(21), OpenTargets(3)",2.02,0.6769173153900936,0.9864750374499643,0.9668451642847742,0.831696176420029,0.9668451642847742
CNGB1,Eye disorders,"Clinvar(2), DisGenet(3), Diseases(1), HPO(20), OpenTargets(4)",2.02,0.9871994793841016,0.2492816974042877,0.9668451642847742,0.6182405883941946,0.9668451642847742
SRP54,Blood and lymphatic system disorders,"Clinvar(3), DisGenet(1), Diseases(1), HPO(22), OpenTargets(3)",2.02,0.1681073647503745,0.995874364578473,0.9668451642847742,0.5819908646644237,0.9668451642847742
ZIC2,"Congenital, familial and genetic disorders","Clinvar(2), DisGenet(6), Diseases(2), HPO(47), OpenTargets(11)",3.43,0.9462378134132265,0.9668291544903121,0.9918498403219884,0.9565334839517694,0.9668291544903121
KCNA1,Nervous system disorders,"Clinvar(2), DisGenet(3), Diseases(4), DrugBank(3), HPO(63), OpenTargets(12)",4.12,0.9571903931632327,0.9665713022764667,0.9962938075412358,0.9618808477198497,0.9665713022764667
CHRND,Nervous system disorders,"Clinvar(3), DisGenet(6), Diseases(1), HPO(31), OpenTargets(7)",2.78,0.9664485155079688,0.6460241644360404,0.9849050591258928,0.8062363399720046,0.9664485155079688
MTOR,"Neoplasms benign, malignant and unspecified (incl cysts and polyps)","DisGenet(23), Diseases(7), DrugBank(8), GWAS(1), HPO(2), OpenTargets(186)",6.38,0.3371663269566071,0.9663502860931706,0.9996848004544415,0.6517583065248889,0.9663502860931706
UMOD,Renal and urinary disorders,"Clinvar(1), DisGenet(6), Diseases(2), GWAS(7), HPO(5), OpenTargets(6), PheGenI(1)",2.14,0.9662827533704968,0.2831217308022888,0.970644877487825,0.6247022420863928,0.9662827533704968
ABI1,"Neoplasms benign, malignant and unspecified (incl cysts and polyps)",OpenTargets(76),1.99,0.1282814763881044,0.9780518651310135,0.96613856310572,0.5531666707595589,0.96613856310572
U2AF1,"Neoplasms benign, malignant and unspecified (incl cysts and polyps)","DisGenet(10), Diseases(1), OpenTargets(109)",4.08,0.8502492571400506,0.9660371798335011,0.9960755924712337,0.9081432184867759,0.9660371798335011
GRK1,Eye disorders,"Clinvar(2), DisGenet(1), Diseases(1), GWAS(1), HPO(20), OpenTargets(2)",1.98,0.9871994793841016,0.5613197121878146,0.9658718557979398,0.7742595957859582,0.9658718557979398
DUSP6,"Congenital, familial and genetic disorders","Clinvar(2), DisGenet(1), Diseases(2), GWAS(1), HPO(20), OpenTargets(1)",1.98,0.3275582623216522,0.9766705139854129,0.9658718557979398,0.6521143881535325,0.9658718557979398
APOA5,Metabolism and nutrition disorders,"Clinvar(3), DisGenet(5), GWAS(31), HPO(7), OpenTargets(6), PheGenI(2)",3.15,0.9656258441590334,0.2446587755703445,0.989213940825615,0.605142309864689,0.9656258441590334
CACNA1S,Nervous system disorders,"Clinvar(3), DisGenet(3), Diseases(1), DrugBank(4), HPO(23), OpenTargets(3)",2.47,0.9654539426831364,0.6963912968738488,0.9790444258172674,0.8309226197784927,0.9654539426831364
KCNJ13,Eye disorders,"Clinvar(3), DisGenet(3), Diseases(2), HPO(19), OpenTargets(2)",1.97,0.9676948012082218,0.843839787824464,0.9653696147638081,0.9057672945163429,0.9653696147638081
HCRT,Psychiatric disorders,"Clinvar(1), DisGenet(1), DrugBank(1), HPO(25), OpenTargets(1)",1.97,0.9871994793841016,0.5240907639792736,0.9653696147638081,0.7556451216816875,0.9653696147638081
ROS1,"Neoplasms benign, malignant and unspecified (incl cysts and polyps)","DisGenet(5), Diseases(2), DrugBank(2), GWAS(1), OpenTargets(162), TTD(1)",5.71,0.9652329264998404,0.4148166793546327,0.9992795438958664,0.6900248029272366,0.9652329264998404
SCN8A,Nervous system disorders,"Clinvar(5), DisGenet(49), Diseases(4), DrugBank(3), HPO(85), OpenTargets(30), TTD(1)",5.93,0.8749293976081137,0.9648461481790722,0.9994388755342806,0.919887772893593,0.9648461481790722
RPL27,"Congenital, familial and genetic disorders","Clinvar(2), Diseases(1), HPO(27), OpenTargets(2)",1.96,0.03515385182092778,0.9986677635617985,0.9648223452231682,0.5169108076913631,0.9648223452231682
GBX2,"Congenital, familial and genetic disorders","GWAS(1), OpenTargets(1)",0.08,0.9871994793841016,0.9647356400874242,0.4963041987350453,0.9759675597357629,0.9647356400874242
KRT74,Skin and subcutaneous tissue disorders,"Clinvar(4), DisGenet(3), Diseases(1), GWAS(1), HPO(35), OpenTargets(4)",2.93,0.9646128533189263,0.03316470617126299,0.9868863134122602,0.4988887797450947,0.9646128533189263
CNBD1,"Neoplasms benign, malignant and unspecified (incl cysts and polyps)",OpenTargets(74),1.95,0.9871994793841016,0.04768424154613099,0.9645244643339591,0.5174418604651163,0.9645244643339591
NPRL2,Nervous system disorders,"Clinvar(2), DisGenet(1), Diseases(2), GWAS(1), HPO(20), OpenTargets(2)",2.04,0.128698951400997,0.9644225338277547,0.9676452862081149,0.5465607426143758,0.9644225338277547
OPRD1,Psychiatric disorders,"DisGenet(1), Diseases(1), DrugBank(21), GWAS(1), OpenTargets(1), TTD(1)",1.93,0.9871994793841016,0.8501264703715528,0.9642092647884006,0.9186629748778272,0.9642092647884006
KCNH1,"Congenital, familial and genetic disorders","Clinvar(2), DisGenet(4), HPO(41), OpenTargets(4)",2.7,0.9640050588148621,0.9043306893249183,0.9836130873622301,0.9341678740698902,0.9640050588148621
CUL3,"Neoplasms benign, malignant and unspecified (incl cysts and polyps)","GWAS(1), OpenTargets(67)",2.53,0.5312062572137226,0.9638945507232141,0.9803779623561686,0.7475504039684684,0.9638945507232141
TUBG1,Nervous system disorders,"Clinvar(1), DisGenet(1), Diseases(1), HPO(23), OpenTargets(2)",1.92,0.5303590285110876,0.9777203408560694,0.9635684745034742,0.7540396846835785,0.9635684745034742
ZFP36L1,Immune system disorders,"DisGenet(9), Diseases(1), GWAS(8), OpenTargets(7), PheGenI(3)",1.92,0.1322781857027087,0.9637165099088922,0.9635684745034742,0.5479973478058004,0.9635684745034742
MYH3,Musculoskeletal and connective tissue disorders,"Clinvar(5), DisGenet(13), Diseases(4), HPO(72), OpenTargets(13)",4.39,0.6146521450848457,0.9635139117408708,0.997242869909181,0.7890830284128583,0.9635139117408708
CHD4,"Neoplasms benign, malignant and unspecified (incl cysts and polyps)",OpenTargets(121),2.73,0.03164215024188993,0.9632744775423,0.9840010252644559,0.4974583138920949,0.9632744775423
IMPG1,Eye disorders,"Clinvar(4), DisGenet(2), Diseases(1), GWAS(1), HPO(31), OpenTargets(7)",2.85,0.9631516907738022,0.2211144127108863,0.9857363546306623,0.5921330517423442,0.9631516907738022
DYRK1A,Nervous system disorders,"Clinvar(1), DisGenet(27), Diseases(2), GWAS(3), HPO(45), OpenTargets(10)",4.14,0.1117114019793227,0.9630411826821542,0.9964254293294909,0.5373762923307385,0.9630411826821542
KISS1R,Reproductive system and breast disorders,"Clinvar(2), DisGenet(2), Diseases(1), HPO(20), OpenTargets(5), TTD(1)",2.19,0.9628385845141327,0.1083409051840574,0.9719056756700588,0.535589744849095,0.9628385845141327
OPRK1,Psychiatric disorders,"DrugBank(27), GWAS(1), OpenTargets(2), TTD(1)",1.91,0.9871994793841016,0.7308821001448884,0.9627094691485456,0.8590407897644949,0.9627094691485456
KPNA3,Nervous system disorders,"Clinvar(1), Diseases(2), HPO(27), OpenTargets(1)",1.91,0.4311964342722428,0.9795130276761376,0.9627094691485456,0.7053547309741902,0.9627094691485456
RPL15,"Congenital, familial and genetic disorders","Clinvar(2), Diseases(1), HPO(26), OpenTargets(2)",1.91,0.1067569558704354,0.9986677635617985,0.9627094691485456,0.552712359716117,0.9627094691485456
HMGA2,"Neoplasms benign, malignant and unspecified (incl cysts and polyps)","Diseases(1), GWAS(2), HPO(1), OpenTargets(84)",3.74,0.9626666830382358,0.131302030893151,0.9941947863916926,0.5469843569656934,0.9626666830382358
FSHR,Reproductive system and breast disorders,"Clinvar(1), DisGenet(6), Diseases(1), DrugBank(9), GWAS(2), HPO(14), OpenTargets(6), PheGenI(3), TTD(1)",3.03,0.9624456668549397,0.6523354043368287,0.9879669975684606,0.8073905355958841,0.9624456668549397
PCNA,Nervous system disorders,"Clinvar(1), DisGenet(1), Diseases(1), DrugBank(8), HPO(15), OpenTargets(1)",1.98,0.1656761867341175,0.962316740748017,0.9658718557979398,0.5639964637410673,0.962316740748017
ZNF479,"Neoplasms benign, malignant and unspecified (incl cysts and polyps)",OpenTargets(71),1.89,0.9871994793841016,0.01070086687458559,0.9622245467707633,0.4989501731293436,0.9622245467707633
INS,Metabolism and nutrition disorders,"Clinvar(5), DisGenet(9), Diseases(10), DrugBank(4), GWAS(3), HPO(23), OpenTargets(23), PheGenI(1)",4.14,0.9622185113332188,0.145821566268019,0.9964254293294909,0.5540200388006189,0.9622185113332188
SOS1,"Congenital, familial and genetic disorders","Clinvar(5), DisGenet(31), Diseases(3), HPO(31), OpenTargets(7)",3.69,0.2332580241153213,0.9620834458878711,0.993855340727245,0.5976707350015962,0.9620834458878711
GRIN2A,Nervous system disorders,"Clinvar(2), DisGenet(1), Diseases(2), DrugBank(3), GWAS(3), HPO(75), OpenTargets(29)",4.89,0.9619361017656737,0.8636330149063137,0.9983200903341115,0.9127845583359937,0.9619361017656737
CLDN16,Renal and urinary disorders,"Clinvar(1), DisGenet(9), HPO(20), OpenTargets(5)",2.09,0.9617335035976523,0.717572014439724,0.9690654160287628,0.8396527590186882,0.9617335035976523
DCC,"Neoplasms benign, malignant and unspecified (incl cysts and polyps)","Clinvar(3), DisGenet(10), Diseases(1), HPO(9), OpenTargets(92)",4.55,0.9615309054296309,0.890228628962943,0.9976654451241055,0.925879767196287,0.9615309054296309
IRF6,"Congenital, familial and genetic disorders","Clinvar(5), DisGenet(7), Diseases(3), GWAS(8), HPO(46), OpenTargets(9), PheGenI(3)",4.11,0.6193855750104369,0.9614203973379829,0.9962349241096479,0.7904029861742099,0.9614203973379829
CNGB3,Eye disorders,"Clinvar(2), DisGenet(10), Diseases(4), HPO(30), OpenTargets(12), TTD(1)",3.32,0.9613405859384593,0.2541747501289261,0.9909561976543612,0.6077576680336927,0.9613405859384593
CDSN,Skin and subcutaneous tissue disorders,"Clinvar(2), DisGenet(3), Diseases(2), GWAS(1), HPO(24), OpenTargets(7)",2.56,0.9611011517398885,0.0808305297021193,0.9810810998039529,0.5209658407210039,0.9611011517398885
KDM1A,Nervous system disorders,"DisGenet(1), DrugBank(1), GWAS(1), HPO(22), OpenTargets(2)",1.87,0.3378355148449203,0.9708013064512169,0.9610884429142449,0.6543184106480686,0.9610884429142449
MMP21,"Congenital, familial and genetic disorders","Clinvar(1), DisGenet(2), Diseases(2), HPO(18), OpenTargets(4)",1.87,0.9871994793841016,0.2631688809213919,0.9610884429142449,0.6251841801527467,0.9610884429142449
TMEM270,"Congenital, familial and genetic disorders","Diseases(1), HPO(43)",1.87,0.9871994793841016,0.1556752044399695,0.9610884429142449,0.5714373419120355,0.9610884429142449
PRPF4,Eye disorders,"Clinvar(2), DisGenet(1), Diseases(1), HPO(22), OpenTargets(1)",1.87,0.1022322634512905,0.9829571965325017,0.9610884429142449,0.5425947299918961,0.9610884429142449
PDCD10,Nervous system disorders,"Clinvar(3), DisGenet(4), Diseases(3), HPO(11), OpenTargets(6)",1.87,0.07055327717885121,0.9793104295081162,0.9610884429142449,0.5249318533434837,0.9610884429142449
UGT1A4,Metabolism and nutrition disorders,"DisGenet(9), GWAS(9), OpenTargets(9), PheGenI(3)",1.87,0.9734596399891947,0.02973281599174873,0.9610884429142449,0.5015962279904718,0.9610884429142449
KCNH5,Nervous system disorders,"Clinvar(1), Diseases(1), HPO(26), OpenTargets(2)",1.87,0.005224576999582525,0.9678912600378183,0.9610884429142449,0.4865579185187004,0.9610884429142449
SCN1A,Nervous system disorders,"Clinvar(7), DisGenet(29), Diseases(7), DrugBank(5), GWAS(9), HPO(140), OpenTargets(35), PheGenI(3)",6.78,0.8674701014218708,0.9610213403403649,0.9998060310488871,0.9142457208811179,0.9610213403403649
KRT83,Skin and subcutaneous tissue disorders,"Clinvar(1), DisGenet(1), Diseases(3), HPO(22), OpenTargets(3)",2.02,0.9608924142334422,0.0389602416443604,0.9668451642847742,0.4999263279389013,0.9608924142334422
XPO1,"Neoplasms benign, malignant and unspecified (incl cysts and polyps)","DisGenet(4), DrugBank(4), OpenTargets(111), TTD(1)",4.41,0.1201836890056728,0.9608187421723435,0.9972913621469592,0.5405012155890081,0.9608187421723435
PHOX2A,Eye disorders,"Clinvar(2), DisGenet(1), Diseases(1), HPO(22), OpenTargets(2)",1.92,0.9291765919304535,0.9606591193732963,0.9635684745034742,0.9449178556518749,0.9606591193732963
GFPT1,Musculoskeletal and connective tissue disorders,"Clinvar(3), DisGenet(2), Diseases(1), GWAS(3), HPO(30), OpenTargets(4)",2.73,0.2178298666535694,0.960567029296923,0.9840010252644559,0.5891984479752461,0.960567029296923
SERPINC1,Vascular disorders,"DisGenet(1), Diseases(1), DrugBank(26), HPO(12), OpenTargets(7), TTD(1)",2.93,0.960505635912674,0.1034785491515434,0.9868863134122602,0.5319920925321088,0.960505635912674
PBRM1,"Neoplasms benign, malignant and unspecified (incl cysts and polyps)","Clinvar(1), DisGenet(5), Diseases(2), GWAS(1), HPO(2), OpenTargets(157)",5.64,0.1850580781414995,0.9604074064978758,0.9991894868828497,0.5727327423196876,0.9604074064978758
ZBTB20,Musculoskeletal and connective tissue disorders,"DisGenet(4), GWAS(1), HPO(34), OpenTargets(3)",2.37,0.9341555953930405,0.9601986689914295,0.9765262931840696,0.947177132192235,0.9601986689914295
GABRA3,Nervous system disorders,"Clinvar(1), Diseases(1), DrugBank(10), HPO(22)",2.04,0.959940816777584,0.520401021585914,0.9676452862081149,0.7401709191817489,0.959940816777584
SCN2A,Nervous system disorders,"Clinvar(5), DisGenet(36), Diseases(6), DrugBank(6), GWAS(7), HPO(111), OpenTargets(32), PheGenI(1)",6.42,0.9370288057758895,0.9597443579479875,0.9997090465733307,0.9483865818619386,0.9597443579479875
QKI,"Neoplasms benign, malignant and unspecified (incl cysts and polyps)","DisGenet(1), OpenTargets(84)",2.93,0.5274980968050883,0.9594128336730434,0.9868863134122602,0.7434554652390659,0.9594128336730434
IGF2BP1,Gastrointestinal disorders,"GWAS(3), OpenTargets(2), PheGenI(2)",0.46,0.9593391616119447,0.989999017705852,0.8038419707245433,0.9746690896588983,0.9593391616119447
FLNC,Cardiac disorders,"Clinvar(1), DisGenet(10), Diseases(1), GWAS(2), HPO(27), OpenTargets(16)",3.25,0.6464661968026325,0.9592409321971465,0.9902773063254661,0.8028535644998895,0.9592409321971465
TMC1,Ear and labyrinth disorders,"Clinvar(6), DisGenet(5), Diseases(1), HPO(3), OpenTargets(11)",1.82,0.9871994793841016,0.9141966061737187,0.9591245072842268,0.9506980427789101,0.9591245072842268
WNT1,Musculoskeletal and connective tissue disorders,"Clinvar(2), DisGenet(3), Diseases(1), HPO(13), OpenTargets(7)",1.82,0.9197465681098205,0.9759215146975762,0.9591245072842268,0.9478340414036983,0.9591245072842268
RS1,Eye disorders,"Clinvar(1), DisGenet(3), Diseases(1), HPO(15), OpenTargets(3), TTD(1)",1.82,0.9871994793841016,0.8938017239262297,0.9591245072842268,0.9405006016551656,0.9591245072842268
DLX3,"Congenital, familial and genetic disorders","Clinvar(3), DisGenet(5), Diseases(1), HPO(12), OpenTargets(5)",1.82,0.8913091525257238,0.9645269025809778,0.9591245072842268,0.9279180275533508,0.9591245072842268
EXOC6B,Musculoskeletal and connective tissue disorders,"Clinvar(1), DisGenet(9), HPO(18), OpenTargets(1)",1.82,0.4312885243486162,0.9789666265563223,0.9591245072842268,0.7051275754524693,0.9591245072842268
HMX1,"Congenital, familial and genetic disorders","Clinvar(1), DisGenet(1), Diseases(3), HPO(18), OpenTargets(3)",1.82,0.9871994793841016,0.214011198153287,0.9591245072842268,0.6006053387686943,0.9591245072842268
NAA15,Psychiatric disorders,"Clinvar(1), DisGenet(11), HPO(10), OpenTargets(7)",1.82,0.2063922791679969,0.9710837160187619,0.9591245072842268,0.5887379975933793,0.9591245072842268
PSMD12,"Congenital, familial and genetic disorders","Clinvar(1), DisGenet(1), HPO(24), OpenTargets(3)",1.82,0.1406276859605609,0.9627464944377594,0.9591245072842268,0.5516870901991602,0.9591245072842268
C1orf141,Immune system disorders,"DisGenet(18), GWAS(8), OpenTargets(14), PheGenI(2)",2.37,0.9590813093980992,0.02021684143316716,0.9765262931840696,0.4896490754156332,0.9590813093980992
GRM5,Psychiatric disorders,"DisGenet(3), DrugBank(4), GWAS(14), OpenTargets(8)",1.82,0.9588234571842539,0.8793926966430098,0.9591245072842268,0.9191080769136318,0.9588234571842539
DPYSL5,"Congenital, familial and genetic disorders","Clinvar(1), Diseases(1), HPO(50), OpenTargets(1)",2.76,0.9079222023034798,0.9587927604921294,0.9845136574923972,0.9333574813978045,0.9587927604921294
STMN4,"Neoplasms benign, malignant and unspecified (incl cysts and polyps)","DrugBank(1), GWAS(2)",0.14,0.9587068097541809,0.9586945310773312,0.6008257535347378,0.958700670415756,0.9586945310773312
GRID2,Nervous system disorders,"DisGenet(5), Diseases(1), GWAS(1), HPO(26)",2.0,0.9500380638982343,0.958645416369932,0.9663775605633412,0.9543417401340831,0.958645416369932
GATA2,"Neoplasms benign, malignant and unspecified (incl cysts and polyps)","Clinvar(2), DisGenet(3), Diseases(1), GWAS(1), HPO(10), OpenTargets(105)",4.88,0.5711426536676407,0.9584857935708848,0.9983096991403019,0.7648142236192628,0.9584857935708848
ACAN,Musculoskeletal and connective tissue disorders,"Clinvar(3), DisGenet(4), Diseases(3), GWAS(2), HPO(34), OpenTargets(6), PheGenI(1)",3.24,0.9581174332653913,0.311976621399278,0.990114510955782,0.6350470273323346,0.9581174332653913
ALDH1A2,Vascular disorders,"Clinvar(1), DisGenet(6), GWAS(74), HPO(4), OpenTargets(6)",4.04,0.6948073475602269,0.9580990152501166,0.9959370432204387,0.8264531814051718,0.9580990152501166
TBX15,"Congenital, familial and genetic disorders","GWAS(5), HPO(27), OpenTargets(1)",1.79,0.7848530242381081,0.9646496893494757,0.9580368956654867,0.8747513567937919,0.9580368956654867
ABCG5,Metabolism and nutrition disorders,"Clinvar(1), DisGenet(1), Diseases(1), GWAS(6), HPO(8), OpenTargets(4), PheGenI(1)",1.79,0.9659205324034282,0.4020100194003094,0.9580368956654867,0.6839652759018688,0.9580368956654867
GRIA1,Psychiatric disorders,"Clinvar(2), DisGenet(1), DrugBank(6), GWAS(7), HPO(19), OpenTargets(8), PheGenI(1), TTD(1)",3.03,0.862429704575035,0.9578718597283956,0.9879669975684606,0.9101507821517153,0.9578718597283956
C9orf72,Nervous system disorders,"Clinvar(2), DisGenet(7), Diseases(3), GWAS(3), HPO(19), OpenTargets(5), PheGenI(2), TTD(1)",2.9,0.4339652759018688,0.9576999582524988,0.9865295490914633,0.6958326170771838,0.9576999582524988
COLEC10,"Congenital, familial and genetic disorders","DisGenet(1), Diseases(1), HPO(25), OpenTargets(1)",1.77,0.9666449743375654,0.6933830210456521,0.9575692919440538,0.8300139976916088,0.9575692919440538
EPHA4,Nervous system disorders,"GWAS(1), HPO(25), OpenTargets(1), PheGenI(1)",1.77,0.4953341027970826,0.9723852557648388,0.9575692919440538,0.7338596792809606,0.9575692919440538
TRIP12,"Congenital, familial and genetic disorders","Clinvar(1), DisGenet(9), HPO(15), OpenTargets(3)",1.77,0.2666191891161808,0.9714520763242553,0.9575692919440538,0.6190356327202181,0.9575692919440538
DNM1,Nervous system disorders,"Clinvar(2), DisGenet(8), Diseases(2), GWAS(1), HPO(66), OpenTargets(10)",4.17,0.6589720291741362,0.9573684339775546,0.9965362687301268,0.8081702315758454,0.9573684339775546
EXT1,"Neoplasms benign, malignant and unspecified (incl cysts and polyps)","Clinvar(2), DisGenet(4), Diseases(2), HPO(6), OpenTargets(96)",4.45,0.5443567201198399,0.9571903931632327,0.997377955428706,0.7507735566415363,0.9571903931632327
TBX20,Cardiac disorders,"Clinvar(2), DisGenet(5), Diseases(2), GWAS(4), HPO(26), OpenTargets(9)",2.93,0.9238660641929226,0.9568957049188379,0.9868863134122602,0.9403808845558803,0.9568957049188379
NPHS2,Renal and urinary disorders,"Clinvar(2), DisGenet(5), Diseases(1), HPO(10), OpenTargets(7)",1.76,0.9634156823260726,0.5409555266324501,0.9567068228578554,0.7521856044792613,0.9567068228578554
DMRT1,Reproductive system and breast disorders,"DisGenet(5), Diseases(1), GWAS(5), HPO(4), OpenTargets(6), PheGenI(2)",1.76,0.9871994793841016,0.4805198791778198,0.9567068228578554,0.7338596792809606,0.9567068228578554
MYMK,"Congenital, familial and genetic disorders","Clinvar(2), DisGenet(1), Diseases(1), HPO(20), OpenTargets(1)",1.76,0.9871994793841016,0.1512917168045971,0.9567068228578554,0.5692455980943494,0.9567068228578554
TRAPPC6B,Nervous system disorders,"Clinvar(1), DisGenet(1), Diseases(1), HPO(21), OpenTargets(1)",1.76,0.04468210505635913,0.9739323690479114,0.9567068228578554,0.5093072370521352,0.9567068228578554
CTRC,Gastrointestinal disorders,"Clinvar(1), DisGenet(4), GWAS(2), HPO(14), OpenTargets(4)",1.76,0.9578411630362712,0.0281243093244272,0.9567068228578554,0.4929827361803492,0.9567068228578554
SIN3A,"Congenital, familial and genetic disorders","DisGenet(4), HPO(43), OpenTargets(3)",2.41,0.1892880823162496,0.9566194346897179,0.9776450783842386,0.5729537585029838,0.9566194346897179
SIN3A,Nervous system disorders,"Clinvar(1), DisGenet(2), HPO(37), OpenTargets(3)",2.41,0.1892880823162496,0.9566194346897179,0.9776450783842386,0.5729537585029838,0.9566194346897179
DCX,Nervous system disorders,"Clinvar(2), DisGenet(3), Diseases(3), HPO(33), OpenTargets(6)",2.74,0.956558041305469,0.858021659585963,0.9842642688409663,0.907289850445716,0.956558041305469
STAG1,Psychiatric disorders,"Clinvar(1), DisGenet(3), GWAS(12), HPO(10), OpenTargets(16), PheGenI(1)",2.73,0.2993909776282508,0.9563370251221729,0.9840010252644559,0.6278640013752118,0.9563370251221729
CACNG2,Psychiatric disorders,"Clinvar(1), DisGenet(2), GWAS(1), HPO(4), OpenTargets(1)",0.75,0.9562510743842244,0.985363817195059,0.869140232624192,0.9708074457896417,0.9562510743842244
PITX3,Eye disorders,"Clinvar(3), DisGenet(4), Diseases(1), HPO(12), OpenTargets(7)",1.87,0.9561835416615505,0.9225645244468456,0.9610884429142449,0.939374033054198,0.9561835416615505
PAX6,Eye disorders,"Clinvar(11), DisGenet(20), Diseases(7), GWAS(1), HPO(60), OpenTargets(32)",5.04,0.9560423368777781,0.7808133395545296,0.9985971888357014,0.8684278382161539,0.9560423368777781
SLC12A6,Nervous system disorders,"Clinvar(2), DisGenet(2), Diseases(4), HPO(48), OpenTargets(4)",3.19,0.4836202450823899,0.955993222170379,0.9896330523092697,0.7198067336263845,0.955993222170379
ECT2L,"Neoplasms benign, malignant and unspecified (incl cysts and polyps)","DisGenet(10), OpenTargets(57)",2.51,0.9558520173866064,0.2477775594901893,0.979820301621719,0.6018147884383979,0.9558520173866064
SLC22A12,Metabolism and nutrition disorders,"Clinvar(3), DisGenet(4), DrugBank(3), GWAS(2), HPO(4), OpenTargets(2), PheGenI(1), TTD(1)",1.74,0.9871994793841016,0.3143341273544363,0.9558201076527678,0.650766803369269,0.9558201076527678
FOXE3,Eye disorders,"Clinvar(3), DisGenet(2), Diseases(2), HPO(29), OpenTargets(9)",2.66,0.9556923945875593,0.4375936249109796,0.9829134136457157,0.6966430097492694,0.9556923945875593
PDE4D,Musculoskeletal and connective tissue disorders,"Clinvar(1), DisGenet(3), HPO(38), OpenTargets(2)",2.45,0.6391481054001621,0.9556064438496108,0.9786010682147236,0.7973772746248864,0.9556064438496108
GUCA1A,Eye disorders,"Clinvar(1), DisGenet(5), Diseases(2), HPO(19), OpenTargets(9)",2.29,0.9554959357579628,0.7654588541538764,0.9746939793423067,0.8604773949559196,0.9554959357579628
ZBTB18,Nervous system disorders,"Clinvar(1), DisGenet(5), HPO(16), OpenTargets(5)",1.72,0.5368114731956485,0.9676334078239729,0.9553836775127639,0.7522224405098107,0.9553836775127639
BCL11A,"Neoplasms benign, malignant and unspecified (incl cysts and polyps)","DisGenet(2), Diseases(1), GWAS(1), OpenTargets(100), TTD(1)",4.35,0.7553043883991061,0.9553731489894649,0.9971528128961643,0.8553387686942855,0.9553731489894649
GABRB2,Nervous system disorders,"Clinvar(1), DisGenet(1), Diseases(1), DrugBank(5), GWAS(1), HPO(37), OpenTargets(6), TTD(1)",3.35,0.9552749195746666,0.9551644114830186,0.991181340186903,0.9552196655288425,0.9552749195746666
ACTN2,Cardiac disorders,"Clinvar(4), DisGenet(4), Diseases(2), GWAS(1), HPO(18), OpenTargets(9)",2.52,0.797739495591955,0.9549311166228727,0.9801909208675954,0.8763353061074138,0.9549311166228727
ETV1,"Neoplasms benign, malignant and unspecified (incl cysts and polyps)","Diseases(2), OpenTargets(113)",3.51,0.7165835809533164,0.9547653544854007,0.9924248197127874,0.8356744677193586,0.9547653544854007
F7,Blood and lymphatic system disorders,"Clinvar(1), DisGenet(3), Diseases(1), DrugBank(6), GWAS(1), HPO(3), OpenTargets(5), PheGenI(1), TTD(1)",1.93,0.9546057316863534,0.2316863534785492,0.9642092647884006,0.5931460425824513,0.9546057316863534
CSRP3,Cardiac disorders,"Clinvar(5), DisGenet(4), Diseases(2), HPO(14), OpenTargets(6)",2.07,0.8755494707890278,0.9545504776405295,0.9683588148497086,0.9150499742147786,0.9545504776405295
CHRM1,Psychiatric disorders,"DrugBank(27), GWAS(1), OpenTargets(3)",1.71,0.8574138650818988,0.9673325802411532,0.9544692524575173,0.912373222661526,0.9544692524575173
MYO1H,Nervous system disorders,"Clinvar(2), DisGenet(1), GWAS(4), HPO(13), OpenTargets(4)",1.71,0.9871994793841016,0.6421993565973331,0.9544692524575173,0.8146994179907173,0.9544692524575173
LHX3,Endocrine disorders,"Clinvar(2), DisGenet(1), Diseases(1), HPO(18), OpenTargets(2)",1.71,0.9871994793841016,0.6202389430514967,0.9544692524575173,0.8037192112177991,0.9544692524575173
IFITM5,Musculoskeletal and connective tissue disorders,"Clinvar(2), DisGenet(2), Diseases(4), HPO(12), OpenTargets(4)",1.71,0.968756906755728,0.4210051324869232,0.9544692524575173,0.6948810196213256,0.9544692524575173
CCR3,Immune system disorders,"DisGenet(13), GWAS(7), OpenTargets(2), PheGenI(1), TTD(1)",1.71,0.9871994793841016,0.1956238795707375,0.9544692524575173,0.5914116794774196,0.9544692524575173
EEF2,Nervous system disorders,"Clinvar(1), DisGenet(1), Diseases(2), HPO(18), OpenTargets(2)",1.71,0.03281476388104418,0.9561467056310012,0.9544692524575173,0.4944807347560227,0.9544692524575173
HLF,"Neoplasms benign, malignant and unspecified (incl cysts and polyps)","Diseases(1), OpenTargets(65)",2.48,0.4998219591856782,0.9544399695488814,0.9794496823758425,0.7271309643672799,0.9544399695488814
TRPC7,Nervous system disorders,"DisGenet(1), GWAS(2), OpenTargets(2)",0.33,0.9543356007956583,0.9628692812062573,0.755706497267116,0.9586024410009577,0.9543356007956583
PDE6D,"Congenital, familial and genetic disorders","Clinvar(1), DisGenet(6), Diseases(2), HPO(45), OpenTargets(3)",3.09,0.4883413963311314,0.9542680680729845,0.9887047723289436,0.7213047322020579,0.9542680680729845
RP1,Eye disorders,"Clinvar(2), DisGenet(3), Diseases(1), HPO(23), OpenTargets(6)",2.25,0.9542250927040102,0.06604700277498096,0.9737414532430916,0.5101360477394956,0.9542250927040102
NEUROD1,Metabolism and nutrition disorders,"Clinvar(2), DisGenet(3), Diseases(2), HPO(16), OpenTargets(6)",1.97,0.9539917978438643,0.3027798924387908,0.9653696147638081,0.6283858451413276,0.9539917978438643
KIF5A,Nervous system disorders,"Clinvar(3), DisGenet(6), Diseases(6), GWAS(2), HPO(48), OpenTargets(12)",3.86,0.8187237543282336,0.9539611011517399,0.9949394886147153,0.8863424277399867,0.9539611011517399
GRIA2,Nervous system disorders,"Clinvar(1), Diseases(1), DrugBank(20), HPO(19), OpenTargets(6), TTD(1)",2.93,0.8076606664865794,0.9538137570295425,0.9868863134122602,0.880737211758061,0.9538137570295425
ABCG8,Metabolism and nutrition disorders,"Clinvar(1), DisGenet(1), Diseases(1), GWAS(35), HPO(11), OpenTargets(6), PheGenI(1)",3.35,0.9536479948920704,0.3874904840254414,0.991181340186903,0.6705692394587559,0.9536479948920704
HRG,Metabolism and nutrition disorders,"DrugBank(1), GWAS(60)",2.36,0.9534883720930233,0.04897964195378306,0.9763981351270843,0.5012340070234031,0.9534883720930233
LRP1,Vascular disorders,"DisGenet(6), DrugBank(5), GWAS(13), HPO(1), OpenTargets(5), PheGenI(2)",2.24,0.2477284447827902,0.9534085606934997,0.9731872562399119,0.6005685027381449,0.9534085606934997
BMPR1A,"Neoplasms benign, malignant and unspecified (incl cysts and polyps)","Clinvar(2), DisGenet(7), Diseases(1), HPO(42), OpenTargets(95)",5.12,0.4827791557181798,0.9531998231870533,0.9987080282363373,0.7179894894526165,0.9531998231870533
CHRNA1,Nervous system disorders,"Clinvar(4), DisGenet(5), Diseases(1), DrugBank(6), GWAS(2), HPO(42), OpenTargets(7), TTD(1)",3.85,0.953162987156504,0.855817637091427,0.9948494316016986,0.9044903121239656,0.953162987156504
MEIS2,"Congenital, familial and genetic disorders","Clinvar(1), DisGenet(1), HPO(22), OpenTargets(2)",1.68,0.5573721175806096,0.9886729206060755,0.9531010786059174,0.7730225190933425,0.9531010786059174
CRYGC,Eye disorders,"DisGenet(5), Diseases(1), HPO(15), OpenTargets(5)",1.68,0.9871994793841016,0.4893850838633629,0.9531010786059174,0.7382922816237323,0.9531010786059174
COPB2,Nervous system disorders,"Clinvar(1), DisGenet(1), Diseases(1), HPO(23)",1.68,0.02774367034208394,0.9643365830898062,0.9531010786059174,0.4960401267159451,0.9531010786059174
HRK,Nervous system disorders,"GWAS(42), OpenTargets(7), PheGenI(1)",2.41,0.9529419709732079,0.02708062179219567,0.9776450783842386,0.4900112963827018,0.9529419709732079
BSND,Metabolism and nutrition disorders,"Clinvar(2), DisGenet(1), Diseases(2), GWAS(4), HPO(17), OpenTargets(4)",2.14,0.9528007661894354,0.2783330468308735,0.970644877487825,0.6155669065101544,0.9528007661894354
RORA,Nervous system disorders,"Clinvar(1), DisGenet(2), Diseases(1), GWAS(5), HPO(21), OpenTargets(7)",2.47,0.5926057808010609,0.9527516514820363,0.9790444258172674,0.7726787161415486,0.9527516514820363
TANC2,Nervous system disorders,"Clinvar(1), DisGenet(1), GWAS(3), HPO(12), OpenTargets(7)",1.71,0.607739250018418,0.9525490533140148,0.9544692524575173,0.7801441516662164,0.9525490533140148
KAT5,"Congenital, familial and genetic disorders","GWAS(7), HPO(17), OpenTargets(6)",1.67,0.119717099285381,0.9712924535252081,0.9525260992151185,0.5455047764052946,0.9525260992151185
QRICH1,Nervous system disorders,"DisGenet(16), HPO(11), OpenTargets(3)",1.67,0.09522113897006458,0.9810294442670858,0.9525260992151185,0.5381252916185753,0.9525260992151185
SOX11,"Congenital, familial and genetic disorders","DisGenet(5), Diseases(1), HPO(27), OpenTargets(3)",2.13,0.9523894305149677,0.6215159254438741,0.9702777219732184,0.7869526779794209,0.9523894305149677
UFC1,Nervous system disorders,"Clinvar(1), DisGenet(1), GWAS(1), HPO(27), OpenTargets(3)",2.16,0.02803221924805383,0.9522973404385944,0.9711228724030675,0.4901647798433241,0.9522973404385944
KLF1,Blood and lymphatic system disorders,"Clinvar(3), DisGenet(1), Diseases(2), HPO(17), OpenTargets(5)",1.92,0.9520824635937232,0.2395876820313843,0.9635684745034742,0.5958350728125538,0.9520824635937232
ZMIZ1,Immune system disorders,"DisGenet(19), GWAS(6), HPO(1), OpenTargets(3), PheGenI(11)",2.47,0.2651089118636576,0.9518798654257017,0.9790444258172674,0.6084943886446796,0.9518798654257017
MIP,Eye disorders,"Clinvar(1), DisGenet(2), Diseases(1), HPO(4), OpenTargets(15)",1.66,0.9871994793841016,0.810454065469905,0.9518056431109849,0.8988267724270033,0.9518056431109849
KCNV2,Eye disorders,"Clinvar(1), DisGenet(4), Diseases(2), HPO(10), OpenTargets(6)",1.66,0.9871994793841016,0.3897804572579259,0.9518056431109849,0.6884899683210137,0.9518056431109849
LRIT3,Eye disorders,"Clinvar(1), DisGenet(1), Diseases(3), HPO(16), OpenTargets(2)",1.66,0.9530095036958818,0.2750178040814322,0.9518056431109849,0.6140136538886569,0.9518056431109849
HSPA9,"Congenital, familial and genetic disorders","Clinvar(1), DisGenet(1), GWAS(1), HPO(16), OpenTargets(4)",1.66,0.1098573217750055,0.9669949166277841,0.9518056431109849,0.5384261192013948,0.9518056431109849
DENND5A,Nervous system disorders,"Clinvar(1), DisGenet(1), Diseases(1), HPO(23), OpenTargets(2)",1.92,0.1624468947226247,0.9517202426266546,0.9635684745034742,0.5570835686746396,0.9517202426266546
GDF3,"Congenital, familial and genetic disorders","Clinvar(4), DisGenet(3), Diseases(3), HPO(22), OpenTargets(3)",2.25,0.9517018246113799,0.2536836030549348,0.9737414532430916,0.6026927138331574,0.9517018246113799
VCL,Cardiac disorders,"Clinvar(5), DisGenet(5), Diseases(2), HPO(12), OpenTargets(6)",2.02,0.3560570712899978,0.9516465705655559,0.9668451642847742,0.6538518209277768,0.9516465705655559
OTOF,Ear and labyrinth disorders,"Clinvar(4), DisGenet(5), Diseases(1), HPO(2), OpenTargets(11)",1.66,0.9516404312271309,0.8663650205053903,0.9518056431109849,0.9090027258662606,0.9516404312271309
KCTD1,Skin and subcutaneous tissue disorders,"Clinvar(1), DisGenet(1), Diseases(1), GWAS(1), HPO(17), OpenTargets(2)",1.76,0.5636956361582476,0.9515053657817834,0.9567068228578554,0.7576005009700155,0.9515053657817834
CLCN1,Musculoskeletal and connective tissue disorders,"Clinvar(5), DisGenet(15), Diseases(2), HPO(13), OpenTargets(12)",2.74,0.9513580216595859,0.6133751626924683,0.9842642688409663,0.7823665921760271,0.9513580216595859
SLC6A2,Psychiatric disorders,"Clinvar(1), DrugBank(39), HPO(1), TTD(1)",2.37,0.9512045381989637,0.7715674958866433,0.9765262931840696,0.8613860170428035,0.9512045381989637
CTCF,"Neoplasms benign, malignant and unspecified (incl cysts and polyps)","DisGenet(3), Diseases(1), HPO(2), OpenTargets(120)",4.52,0.0758024115321333,0.9511983988605388,0.9975996342299779,0.5135004051963361,0.9511983988605388
KLHL10,Reproductive system and breast disorders,"Clinvar(1), DisGenet(1), HPO(9), OpenTargets(2)",0.95,0.9510940301073156,0.9747304830431472,0.8975012642619135,0.9629122565752315,0.9510940301073156
TTPA,Nervous system disorders,"Clinvar(1), DisGenet(5), Diseases(1), HPO(22), OpenTargets(3)",2.11,0.9509528253235431,0.2108064634954937,0.9698170457143253,0.5808796444095184,0.9509528253235431
TP63,"Neoplasms benign, malignant and unspecified (incl cysts and polyps)","DisGenet(10), GWAS(9), HPO(5), OpenTargets(134), PheGenI(5)",5.36,0.7779401291716804,0.9507256698018222,0.9989678080815778,0.8643328994867513,0.9507256698018222
RGR,Eye disorders,"Clinvar(2), DisGenet(3), Diseases(1), GWAS(5), HPO(20), OpenTargets(5), PheGenI(1)",2.58,0.9506765550944231,0.3033569902507306,0.9813685894993522,0.6270167726725768,0.9506765550944231
FRMPD4,Nervous system disorders,"Clinvar(1), DisGenet(1), HPO(19), OpenTargets(4)",1.63,0.9684806365266079,0.6693843471427519,0.9506522205981172,0.8189324918346799,0.9506522205981172
LIN28B,Psychiatric disorders,"DisGenet(3), GWAS(12), HPO(1), OpenTargets(9)",1.63,0.9871994793841016,0.3900690061638958,0.9506522205981172,0.6886342427739987,0.9506522205981172
CSNK2A1,"Congenital, familial and genetic disorders","Clinvar(1), DisGenet(2), HPO(17), OpenTargets(5)",1.63,0.04068539574175487,0.9841666462022053,0.9506522205981172,0.5124260209719801,0.9506522205981172
SFTPA1,"Respiratory, thoracic and mediastinal disorders","Clinvar(1), Diseases(1), HPO(20), OpenTargets(3)",1.63,0.9576876795756489,0.03914442179710714,0.9506522205981172,0.4984160506863781,0.9506522205981172
ATP2B1,Vascular disorders,"DisGenet(6), Diseases(1), GWAS(16), HPO(4), OpenTargets(8), PheGenI(4)",2.56,0.4581235726038162,0.9504985142801011,0.9810810998039529,0.7043110434419586,0.9504985142801011
PUM1,Nervous system disorders,"Clinvar(2), DisGenet(2), Diseases(2), GWAS(1), HPO(35), OpenTargets(4)",2.85,0.07628741926769972,0.9503695881731784,0.9857363546306623,0.513328503720439,0.9503695881731784
CDH11,"Neoplasms benign, malignant and unspecified (incl cysts and polyps)","GWAS(1), HPO(3), OpenTargets(117)",4.1,0.65847474276172,0.9501915473588566,0.9961898956031395,0.8043331450602883,0.9501915473588566
CMIP,Metabolism and nutrition disorders,"DisGenet(1), GWAS(24), OpenTargets(4)",1.62,0.4059576140075146,0.9732079271137742,0.9501326609076362,0.6895827705606444,0.9501326609076362
GNB4,Nervous system disorders,"Clinvar(2), DisGenet(1), Diseases(3), HPO(15), OpenTargets(3)",1.71,0.5200633579725449,0.9500380638982343,0.9544692524575173,0.7350507109353897,0.9500380638982343
SLC6A4,Psychiatric disorders,"Clinvar(2), DisGenet(1), Diseases(3), DrugBank(40), GWAS(1), HPO(8), OpenTargets(1), TTD(1)",3.49,0.9499091377913116,0.7713894550723214,0.9922966616558021,0.8606492964318164,0.9499091377913116
GLRB,Nervous system disorders,"Clinvar(3), DisGenet(2), Diseases(2), DrugBank(2), HPO(17), OpenTargets(1)",1.98,0.7147663367795486,0.9497433756538396,0.9658718557979398,0.832254856216694,0.9497433756538396
HOXA9,"Neoplasms benign, malignant and unspecified (incl cysts and polyps)","Diseases(1), OpenTargets(56)",2.25,0.6716436236831119,0.9496083102084919,0.9737414532430916,0.8106259669458019,0.9496083102084919
DMC1,General disorders and administration site conditions,"DisGenet(1), OpenTargets(1)",0.08,0.9519289801331009,0.9495223594705434,0.4963041987350453,0.9507256698018222,0.9495223594705434
PROC,Vascular disorders,"DisGenet(3), DrugBank(4), HPO(12), OpenTargets(9)",1.77,0.9494548267478696,0.07140664521991111,0.9575692919440538,0.5104307359838903,0.9494548267478696
KCND3,Nervous system disorders,"Clinvar(2), DisGenet(1), Diseases(2), DrugBank(4), GWAS(1), HPO(31), OpenTargets(4)",2.93,0.6043196385157535,0.949375015348346,0.9868863134122602,0.7768473269320497,0.949375015348346
PDE6C,Eye disorders,"Clinvar(2), DisGenet(3), Diseases(2), HPO(20), OpenTargets(7)",2.21,0.9493565973330714,0.5867549912821395,0.9725118286422866,0.7680557943076054,0.9493565973330714
NLGN3,Psychiatric disorders,"Clinvar(1), DisGenet(4), Diseases(2), HPO(10), OpenTargets(5)",1.6,0.7134156823260726,0.9800103140885538,0.9492979016715967,0.8467129982073132,0.9492979016715967
AQP2,Metabolism and nutrition disorders,"Clinvar(2), DisGenet(4), Diseases(2), HPO(12), OpenTargets(2)",1.6,0.9551030180987696,0.6390130399548145,0.9492979016715967,0.7970580290267921,0.9492979016715967
DSG4,Skin and subcutaneous tissue disorders,"Clinvar(1), DisGenet(1), Diseases(3), HPO(15), OpenTargets(2)",1.6,0.9871994793841016,0.1053571867095602,0.9492979016715967,0.5462783330468308,0.9492979016715967
HNRNPH2,"Congenital, familial and genetic disorders","Clinvar(1), DisGenet(1), GWAS(1), HPO(16), OpenTargets(3)",1.6,0.01145600550084723,0.9845902605535227,0.9492979016715967,0.498023133027185,0.9492979016715967
CRYGD,Eye disorders,"Clinvar(1), DisGenet(3), Diseases(1), HPO(9), OpenTargets(8)",1.6,0.9518430293951524,0.03991797843864345,0.9492979016715967,0.4958805039168979,0.9492979016715967
ABCA4,Eye disorders,"Clinvar(7), DisGenet(27), Diseases(6), HPO(37), OpenTargets(27), TTD(1)",4.53,0.9492276712261487,0.1225166376071315,0.9976273440801369,0.53587215441664,0.9492276712261487
SUFU,"Neoplasms benign, malignant and unspecified (incl cysts and polyps)","Clinvar(5), DisGenet(5), Diseases(5), GWAS(1), HPO(22), OpenTargets(120)",5.49,0.3311436359617888,0.9491539991650499,0.9990751837509438,0.6401488175634193,0.9491539991650499
USH2A,Eye disorders,"Clinvar(3), DisGenet(21), Diseases(4), GWAS(1), HPO(27), OpenTargets(17), TTD(1)",3.91,0.9490680484271015,0.2998575673485425,0.9952373695039244,0.624462807887822,0.9490680484271015
TECRL,Cardiac disorders,"Clinvar(1), DisGenet(2), Diseases(1), HPO(15), OpenTargets(3)",1.6,0.9488838682743548,0.4079958743645785,0.9492979016715967,0.6784398713194666,0.9488838682743548
SOX5,Musculoskeletal and connective tissue disorders,"DisGenet(6), GWAS(7), HPO(17), OpenTargets(15)",2.48,0.7272476117973528,0.9485830406915351,0.9794496823758425,0.8379153262444439,0.9485830406915351
SOX5,Psychiatric disorders,"DisGenet(5), GWAS(11), HPO(11), OpenTargets(18)",2.48,0.7272476117973528,0.9485830406915351,0.9794496823758425,0.8379153262444439,0.9485830406915351
HOOK3,"Neoplasms benign, malignant and unspecified (incl cysts and polyps)","DisGenet(1), OpenTargets(59)",2.33,0.5543208663834385,0.9484049998772133,0.9754109717151704,0.7513629331303259,0.9484049998772133
SOST,Musculoskeletal and connective tissue disorders,"Diseases(2), DrugBank(3), GWAS(3), HPO(26), OpenTargets(4), TTD(1)",2.56,0.9483190491392648,0.7331352373468235,0.9810810998039529,0.8407271432430441,0.9483190491392648
JUP,Cardiac disorders,"Clinvar(4), DisGenet(3), Diseases(2), HPO(20), OpenTargets(9)",2.38,0.4886913386213502,0.9482699344318656,0.977007751830582,0.7184806365266079,0.9482699344318656
MB21D2,"Neoplasms benign, malignant and unspecified (incl cysts and polyps)",OpenTargets(56),1.58,0.5339014267822499,0.9778738243166917,0.9482449273655553,0.7558876255494709,0.9482449273655553
SI,Gastrointestinal disorders,"Clinvar(1), DisGenet(1), Diseases(1), DrugBank(2), HPO(14), OpenTargets(1)",1.58,0.949602170870067,0.3787173694162717,0.9482449273655553,0.6641597701431694,0.9482449273655553
KCNK9,"Congenital, familial and genetic disorders","Clinvar(1), DisGenet(1), Diseases(1), GWAS(1), HPO(13), OpenTargets(3)",1.58,0.9601188575919058,0.2064045578448466,0.9482449273655553,0.5832617077183763,0.9482449273655553
MC2R,Endocrine disorders,"Clinvar(1), DisGenet(1), Diseases(2), HPO(13), OpenTargets(2), TTD(1)",1.58,0.9675904324549987,0.1730740895361116,0.9482449273655553,0.5703322609955551,0.9482449273655553
MC2R,Metabolism and nutrition disorders,"Clinvar(1), DisGenet(1), Diseases(1), HPO(15), OpenTargets(1), TTD(1)",1.58,0.9675904324549987,0.1730740895361116,0.9482449273655553,0.5703322609955551,0.9482449273655553
HAVCR1,"Congenital, familial and genetic disorders","Diseases(1), GWAS(26), OpenTargets(1)",1.58,0.9607266520959702,0.003898479899805997,0.9482449273655553,0.4823125659978881,0.9482449273655553
PLG,"Congenital, familial and genetic disorders","Clinvar(2), DisGenet(2), Diseases(3), GWAS(14), HPO(12), OpenTargets(3)",2.43,0.9479875248643206,0.08821001448883868,0.9782512313564664,0.5180987696765796,0.9479875248643206
MAPK1,"Neoplasms benign, malignant and unspecified (incl cysts and polyps)","DisGenet(3), DrugBank(4), HPO(1), OpenTargets(88)",3.92,0.0925198300631124,0.9478279020652735,0.9952858617417026,0.5201738660641929,0.9478279020652735
GNA11,"Neoplasms benign, malignant and unspecified (incl cysts and polyps)","DisGenet(3), Diseases(1), HPO(8), OpenTargets(107)",4.39,0.1276245671766411,0.9475823285282778,0.997242869909181,0.5376034478524594,0.9475823285282778
TFAP2B,"Congenital, familial and genetic disorders","Clinvar(1), DisGenet(4), Diseases(1), GWAS(1), HPO(15), OpenTargets(9)",2.19,0.8586171754131775,0.9473551730065568,0.9719056756700588,0.9029861742098672,0.9473551730065568
UGT1A7,Hepatobiliary disorders,"DisGenet(10), GWAS(12), OpenTargets(8), PheGenI(1)",1.91,0.947349033668132,0.07579627219370841,0.9627094691485456,0.5115726529309201,0.947349033668132
UGT1A7,Metabolism and nutrition disorders,"DisGenet(9), GWAS(10), OpenTargets(9), PheGenI(3)",1.91,0.947349033668132,0.07579627219370841,0.9627094691485456,0.5115726529309201,0.947349033668132
TNPO2,Nervous system disorders,"Clinvar(1), DisGenet(1), HPO(16), OpenTargets(6)",1.57,0.1153950050342575,0.9934431865622161,0.9473443572353882,0.5544190957982368,0.9473443572353882
GABRA2,Nervous system disorders,"Clinvar(1), DisGenet(2), Diseases(1), DrugBank(10), GWAS(3), HPO(41), OpenTargets(7), PheGenI(1)",3.79,0.9469868127010633,0.945930846491982,0.9944961310121716,0.9464588295965226,0.9469868127010633
NFIX,"Congenital, familial and genetic disorders","Clinvar(2), DisGenet(9), Diseases(2), HPO(61), OpenTargets(13)",3.94,0.2929262542668402,0.9467412391640677,0.995410556067418,0.619833746715454,0.9467412391640677
SLC6A3,Nervous system disorders,"Clinvar(2), DisGenet(7), Diseases(5), DrugBank(11), GWAS(1), HPO(22), OpenTargets(6)",3.27,0.946612313057145,0.694408290562609,0.99044356542642,0.8205103018098769,0.946612313057145
CTNND1,"Neoplasms benign, malignant and unspecified (incl cysts and polyps)","HPO(1), OpenTargets(69)",2.58,0.09152525723828,0.9464281329043982,0.9813685894993522,0.5189766950713391,0.9464281329043982
ALOXE3,Skin and subcutaneous tissue disorders,"Clinvar(3), DisGenet(3), Diseases(1), HPO(25), OpenTargets(5)",2.34,0.9464158542275485,0.6147196778075195,0.9759582412558104,0.780567766017534,0.9464158542275485
LGI1,Nervous system disorders,"Clinvar(1), DisGenet(1), Diseases(5), HPO(23)",1.87,0.8884175241276,0.9462992067974755,0.9610884429142449,0.9173583654625377,0.9462992067974755
CNNM2,Psychiatric disorders,"Clinvar(1), DisGenet(7), GWAS(13), HPO(6), OpenTargets(11), PheGenI(5)",2.73,0.6355811497753002,0.9460966086294541,0.9840010252644559,0.7908388792023772,0.9460966086294541
AGXT,Renal and urinary disorders,"Clinvar(2), DisGenet(4), Diseases(1), DrugBank(1), GWAS(1), HPO(11), OpenTargets(5)",1.97,0.9460229365683553,0.1145232189779229,0.9653696147638081,0.5302730777731391,0.9460229365683553
PTF1A,"Congenital, familial and genetic disorders","Clinvar(1), DisGenet(1), Diseases(1), HPO(15), OpenTargets(3)",1.54,0.9586024410009577,0.7010080793693672,0.9460177481590268,0.8298052601851624,0.9460177481590268
NTN1,"Congenital, familial and genetic disorders","DisGenet(3), GWAS(7), HPO(4), OpenTargets(4), PheGenI(3)",1.54,0.6260160605093195,0.9850814076275141,0.9460177481590268,0.8055487340684168,0.9460177481590268
POU3F4,Ear and labyrinth disorders,"Clinvar(3), DisGenet(2), Diseases(1), HPO(7), OpenTargets(8)",1.54,0.9871994793841016,0.5550453083175757,0.9460177481590268,0.7711223938508387,0.9460177481590268
KCNK4,Nervous system disorders,"Clinvar(1), DisGenet(1), Diseases(1), HPO(15), OpenTargets(3)",1.54,0.9871994793841016,0.3818177353208418,0.9460177481590268,0.6845086073524718,0.9460177481590268
KAT7,"Neoplasms benign, malignant and unspecified (incl cysts and polyps)",OpenTargets(54),1.54,0.3703555904815697,0.9570184916873358,0.9460177481590268,0.6636870410844528,0.9460177481590268
AKR1D1,Hepatobiliary disorders,"Clinvar(1), DisGenet(1), Diseases(2), HPO(13), OpenTargets(4)",1.54,0.9564229758601213,0.1165737580118366,0.9460177481590268,0.536498366935979,0.9460177481590268
RAG1,Immune system disorders,"Clinvar(3), DisGenet(8), Diseases(2), HPO(16), OpenTargets(10)",2.42,0.9457405270008103,0.6171385771469267,0.9779810603174164,0.7814395520738685,0.9457405270008103
VPS11,Nervous system disorders,"Clinvar(1), DisGenet(17), Diseases(2), GWAS(1), HPO(33), OpenTargets(1)",3.18,0.06757569804277891,0.9455256501559391,0.9895083579835542,0.506550674099359,0.9455256501559391
GJB4,Skin and subcutaneous tissue disorders,"Clinvar(1), DisGenet(2), Diseases(2), HPO(19), OpenTargets(2)",1.82,0.9453476093416173,0.5780555487340684,0.9591245072842268,0.7617015790378429,0.9453476093416173
CRYAB,Musculoskeletal and connective tissue disorders,"Clinvar(3), DisGenet(2), Diseases(2), HPO(26), OpenTargets(3)",2.29,0.4423884482208197,0.9452984946342182,0.9746939793423067,0.693843471427519,0.9452984946342182
TLX1,"Neoplasms benign, malignant and unspecified (incl cysts and polyps)","Diseases(2), OpenTargets(56)",2.28,0.945255519265244,0.8907627514059085,0.9741571009954764,0.9180091353355763,0.945255519265244
ANO3,Nervous system disorders,"Clinvar(1), DisGenet(4), Diseases(2), GWAS(5), HPO(14), OpenTargets(5), PheGenI(2)",2.39,0.9451572898504457,0.735818128238501,0.9774199358516968,0.8404877090444733,0.9451572898504457
RYR2,Cardiac disorders,"Clinvar(4), DisGenet(8), Diseases(5), DrugBank(2), HPO(21), OpenTargets(18)",3.28,0.7859458264777388,0.9451143144814714,0.9905959696022943,0.8655300704796052,0.9451143144814714
WNT5A,"Congenital, familial and genetic disorders","Clinvar(1), DisGenet(2), Diseases(1), HPO(50), OpenTargets(3)",3.09,0.6939294221654675,0.9449669703592741,0.9887047723289436,0.8194481962623708,0.9449669703592741
CRB1,Eye disorders,"Clinvar(5), DisGenet(9), Diseases(3), HPO(38), OpenTargets(12), PheGenI(1)",3.6,0.9448810196213256,0.3228309717344859,0.9932699701426364,0.6338559956779057,0.9448810196213256
LRP6,"Congenital, familial and genetic disorders","Clinvar(2), DisGenet(5), HPO(10), OpenTargets(6)",1.52,0.4183836349794946,0.9679894894526165,0.9444486778937743,0.6931865622160556,0.9444486778937743
LRP6,Gastrointestinal disorders,"Clinvar(1), DisGenet(4), HPO(16), OpenTargets(2)",1.52,0.4183836349794946,0.9679894894526165,0.9444486778937743,0.6931865622160556,0.9444486778937743
PTH,Metabolism and nutrition disorders,"Clinvar(1), DisGenet(2), Diseases(3), DrugBank(1), HPO(7), OpenTargets(5)",1.52,0.9871994793841016,0.2127649124530341,0.9444486778937743,0.5999821959185678,0.9444486778937743
TUBGCP4,Nervous system disorders,"Clinvar(3), DisGenet(2), Diseases(1), GWAS(1), HPO(11), OpenTargets(1)",1.52,0.1612067483607967,0.969831290980084,0.9444486778937743,0.5655190196704404,0.9444486778937743
KRT71,Skin and subcutaneous tissue disorders,"Clinvar(1), DisGenet(1), Diseases(1), GWAS(1), HPO(12), OpenTargets(3)",1.52,0.9633297315881241,0.1156467179096781,0.9444486778937743,0.539488224748901,0.9444486778937743
CCDC47,"Congenital, familial and genetic disorders","Clinvar(1), DisGenet(1), HPO(20), OpenTargets(1)",1.52,0.02164730728616684,0.9599469561160089,0.9444486778937743,0.4907971317010879,0.9444486778937743
VPS33A,"Congenital, familial and genetic disorders","Clinvar(1), DisGenet(1), Diseases(1), HPO(19), OpenTargets(1)",1.66,0.4452309619115444,0.9444328479163085,0.9518056431109849,0.6948319049139264,0.9444328479163085
CSMD1,Psychiatric disorders,"DisGenet(7), GWAS(6), OpenTargets(6), PheGenI(7)",1.68,0.9443591758552099,0.8200498514280101,0.9531010786059174,0.88220451364161,0.9443591758552099
ARHGAP5,"Neoplasms benign, malignant and unspecified (incl cysts and polyps)","DisGenet(1), OpenTargets(72)",2.66,0.1653814984897228,0.9441442990103387,0.9829134136457157,0.5547628987500307,0.9441442990103387
CAMK2B,Nervous system disorders,"Clinvar(1), DisGenet(13), HPO(25), OpenTargets(8)",2.56,0.8015520247538125,0.9439601188575919,0.9810810998039529,0.8727560718057021,0.9439601188575919
SRY,"Congenital, familial and genetic disorders","Clinvar(3), DisGenet(2), Diseases(4), HPO(43), OpenTargets(5)",3.09,0.9438680287812186,0.008490705041624715,0.9887047723289436,0.4761793669114217,0.9438680287812186
LMX1A,Ear and labyrinth disorders,"Clinvar(4), DisGenet(1), Diseases(1), GWAS(5), HPO(2), OpenTargets(6)",1.52,0.9427752265415879,0.9438311927506692,0.9444486778937743,0.9433032096461285,0.9438311927506692
LOXHD1,Ear and labyrinth disorders,"Clinvar(4), DisGenet(2), Diseases(1), GWAS(2), HPO(3), OpenTargets(8)",1.58,0.943726823997446,0.4084379067311706,0.9482449273655553,0.6760823653643083,0.943726823997446
HERC1,Musculoskeletal and connective tissue disorders,"Clinvar(1), DisGenet(3), HPO(24), OpenTargets(1)",1.82,0.1072358242675769,0.9436592912747722,0.9591245072842268,0.5254475577711746,0.9436592912747722
HCN4,Cardiac disorders,"Clinvar(5), DisGenet(5), Diseases(3), GWAS(3), HPO(27), OpenTargets(9), PheGenI(1)",3.24,0.943554922521549,0.7638196507944304,0.990114510955782,0.8536872866579897,0.943554922521549
SMARCB1,"Neoplasms benign, malignant and unspecified (incl cysts and polyps)","Clinvar(5), DisGenet(11), Diseases(4), HPO(26), OpenTargets(160)",5.93,0.1584256280543209,0.9434505537683259,0.9994388755342806,0.5509380909113234,0.9434505537683259
TNR,Nervous system disorders,"Clinvar(1), HPO(24), OpenTargets(1)",1.49,0.9440030942265661,0.8022089339652759,0.9434268771691617,0.873106014095921,0.9434268771691617
HTR2C,Psychiatric disorders,DrugBank(52),1.49,0.9711696667567103,0.13785270499251,0.9434268771691617,0.5545111858746101,0.9434268771691617
ALX4,"Congenital, familial and genetic disorders","Clinvar(3), DisGenet(5), Diseases(3), HPO(41), OpenTargets(4)",3.06,0.9433768817072272,0.7863939981827558,0.9883895727833851,0.8648854399449915,0.9433768817072272
CAMK2A,Nervous system disorders,"Clinvar(2), DisGenet(7), HPO(24), OpenTargets(4)",2.17,0.8392168659905208,0.9432172589081801,0.9715419838867221,0.8912170624493505,0.9432172589081801
ZNF804A,Psychiatric disorders,"DisGenet(3), GWAS(17), OpenTargets(11), PheGenI(1)",1.96,0.9432111195697551,0.06108641732766877,0.9648223452231682,0.5021487684487119,0.9432111195697551
SPTAN1,Nervous system disorders,"Clinvar(3), DisGenet(6), Diseases(4), HPO(75), OpenTargets(11)",4.22,0.1946722821148793,0.9430453574322831,0.9967233102187,0.5688588197735812,0.9430453574322831
CFC1,"Congenital, familial and genetic disorders","Clinvar(2), DisGenet(1), Diseases(2), HPO(16), OpenTargets(1)",1.6,0.9428366199258368,0.01488789568036148,0.9492979016715967,0.4788622578030992,0.9428366199258368
ERBB4,"Neoplasms benign, malignant and unspecified (incl cysts and polyps)","DisGenet(9), DrugBank(3), GWAS(2), HPO(1), OpenTargets(195), PheGenI(1), TTD(1)",6.38,0.7961125709093588,0.9428059232337124,0.9996848004544415,0.8694592470715357,0.9428059232337124
TRPM8,Nervous system disorders,"DisGenet(3), DrugBank(11), GWAS(4), OpenTargets(3), PheGenI(2)",1.66,0.9426463004346651,0.8393335134205938,0.9518056431109849,0.8909899069276295,0.9426463004346651
PLCB4,"Congenital, familial and genetic disorders","Clinvar(3), DisGenet(4), HPO(24), OpenTargets(4)",2.09,0.5260860489673633,0.9426033250656909,0.9690654160287628,0.7343446870165271,0.9426033250656909
MYO3A,Ear and labyrinth disorders,"Clinvar(5), DisGenet(2), Diseases(1), HPO(3), OpenTargets(9)",1.48,0.9657363522506814,0.4696655288426119,0.9425747992767729,0.7177009405466467,0.9425747992767729
IL17F,Skin and subcutaneous tissue disorders,"DrugBank(1), GWAS(1), HPO(15), OpenTargets(2), TTD(1)",1.48,0.9871994793841016,0.04567053854276663,0.9425747992767729,0.5164350089634341,0.9425747992767729
ABCC9,Cardiac disorders,"Clinvar(6), DisGenet(5), Diseases(3), DrugBank(1), HPO(36), OpenTargets(9)",3.35,0.5603005820092827,0.9424130055745192,0.991181340186903,0.751356793791901,0.9424130055745192
SLC12A5,Nervous system disorders,"Clinvar(2), DisGenet(2), Diseases(2), GWAS(1), HPO(32), OpenTargets(3), TTD(1)",2.85,0.94237616954397,0.8809213919108076,0.9857363546306623,0.9116487807273888,0.94237616954397
HUWE1,"Congenital, familial and genetic disorders","Clinvar(1), DisGenet(28), HPO(28), OpenTargets(7)",3.11,0.04701505365781784,0.9419955305616267,0.9888502490422783,0.4945052921097223,0.9419955305616267
UGT1A9,Hepatobiliary disorders,"DisGenet(10), GWAS(12), OpenTargets(8), PheGenI(1)",1.91,0.9418359077625795,0.07773630313597407,0.9627094691485456,0.5097861054492768,0.9418359077625795
CRYBB2,Eye disorders,"Clinvar(1), DisGenet(2), Diseases(2), HPO(12), OpenTargets(12)",1.97,0.9051472213354289,0.941749957024631,0.9653696147638081,0.9234485891800299,0.941749957024631
CYP2A6,"Respiratory, thoracic and mediastinal disorders","Clinvar(2), DisGenet(4), GWAS(7), HPO(4), OpenTargets(7), PheGenI(2)",1.93,0.941700842317232,0.1301416959308465,0.9642092647884006,0.5359212691240393,0.941700842317232
GRM8,Psychiatric disorders,"DisGenet(1), GWAS(12), OpenTargets(8), PheGenI(1)",1.47,0.9693155865523931,0.9375015348346062,0.9415010425831122,0.9534085606934997,0.9415010425831122
CLDN19,Renal and urinary disorders,"Clinvar(1), DisGenet(7), HPO(11), OpenTargets(3)",1.47,0.9486812701063333,0.8693732963335871,0.9415010425831122,0.9090272832199602,0.9415010425831122
EPHB2,"Neoplasms benign, malignant and unspecified (incl cysts and polyps)","Clinvar(1), DisGenet(3), Diseases(2), DrugBank(1), HPO(3), OpenTargets(6), TTD(1)",1.47,0.7465865278357604,0.9860943984676211,0.9415010425831122,0.8663404631516908,0.9415010425831122
TLK2,Psychiatric disorders,"Clinvar(1), DisGenet(1), HPO(16), OpenTargets(4)",1.47,0.4470973207927114,0.9862417425898186,0.9415010425831122,0.716669531691265,0.9415010425831122
SLC30A8,Endocrine disorders,"Clinvar(1), DisGenet(2), Diseases(1), GWAS(6), HPO(3), OpenTargets(3), PheGenI(1)",1.47,0.9507993418629208,0.4171926033250657,0.9415010425831122,0.6839959725939933,0.9415010425831122
SLC30A8,Metabolism and nutrition disorders,"Clinvar(1), DisGenet(2), Diseases(2), GWAS(6), HPO(3), OpenTargets(2), PheGenI(1)",1.47,0.9507993418629208,0.4171926033250657,0.9415010425831122,0.6839959725939933,0.9415010425831122
ZNF148,"Congenital, familial and genetic disorders","Clinvar(1), DisGenet(1), HPO(18), OpenTargets(2)",1.47,0.3145551435377324,0.947005230716338,0.9415010425831122,0.6307801871270352,0.9415010425831122
CACNA1E,Nervous system disorders,"Clinvar(1), DisGenet(1), Diseases(1), GWAS(1), HPO(17), OpenTargets(5)",1.93,0.9414736867955109,0.7401647798433241,0.9642092647884006,0.8408192333194175,0.9414736867955109
KRT9,Skin and subcutaneous tissue disorders,"Clinvar(1), DisGenet(3), Diseases(2), DrugBank(3), HPO(8), OpenTargets(3)",1.58,0.941412293411262,0.1608322487168783,0.9482449273655553,0.5511222710640701,0.941412293411262
NALCN,Musculoskeletal and connective tissue disorders,"Clinvar(2), DisGenet(8), HPO(53), OpenTargets(4)",3.2,0.8277792785049483,0.9412219739200903,0.9897473554411754,0.8845006262125192,0.9412219739200903
MYL10,Skin and subcutaneous tissue disorders,"GWAS(5), PheGenI(1)",0.31,0.9871994793841016,0.9410562117826183,0.742873372912236,0.96412784558336,0.9410562117826183
HCN1,Nervous system disorders,"Clinvar(2), DisGenet(4), Diseases(1), GWAS(2), HPO(54), OpenTargets(11)",3.77,0.9410070970752191,0.7966958080597235,0.9943922190740754,0.8688514525674713,0.9410070970752191
PLCB1,Nervous system disorders,"Clinvar(1), DisGenet(3), Diseases(1), HPO(29), OpenTargets(7)",2.51,0.6657805554873407,0.9409702610446699,0.979820301621719,0.8033754082660053,0.9409702610446699
CFHR1,Eye disorders,"Clinvar(2), DisGenet(1), Diseases(1), GWAS(6), HPO(7), OpenTargets(3), PheGenI(2)",1.79,0.9408658922914467,0.0466835293828737,0.9580368956654867,0.4937747108371602,0.9408658922914467
STUB1,Nervous system disorders,"Clinvar(2), DisGenet(7), Diseases(2), HPO(48), OpenTargets(3)",3.25,0.01379509344073083,0.9408351955993223,0.9902773063254661,0.4773151445200265,0.9408351955993223
SLC5A2,Renal and urinary disorders,"Clinvar(2), DisGenet(2), Diseases(1), DrugBank(2), GWAS(3), HPO(8), OpenTargets(2)",1.67,0.9407308268460991,0.1499103656589966,0.9525260992151185,0.5453205962525478,0.9407308268460991
KRT25,Skin and subcutaneous tissue disorders,"Clinvar(1), DisGenet(1), Diseases(1), GWAS(1), HPO(12), OpenTargets(2)",1.46,0.9548697232386238,0.6911114658284423,0.9406974569285017,0.8229905945335331,0.9406974569285017
RAX,Eye disorders,"Clinvar(1), DisGenet(1), Diseases(2), GWAS(2), HPO(9), OpenTargets(3)",1.46,0.9871994793841016,0.6490201615873873,0.9406974569285017,0.8181098204857444,0.9406974569285017
ID3,"Neoplasms benign, malignant and unspecified (incl cysts and polyps)","OpenTargets(31), PheGenI(1)",1.46,0.2904029861742098,0.9465631983497458,0.9406974569285017,0.6184830922619778,0.9406974569285017
CASR,Metabolism and nutrition disorders,"Clinvar(2), DisGenet(9), Diseases(2), DrugBank(10), GWAS(2), HPO(22), OpenTargets(12)",3.45,0.9402458191105326,0.8133088578374794,0.9919502885288147,0.8767773384740061,0.9402458191105326
PRMT8,Gastrointestinal disorders,"GWAS(2), OpenTargets(1)",0.14,0.9401046143267602,0.9650794430392181,0.6008257535347378,0.9525920286829892,0.9401046143267602
ERC1,"Neoplasms benign, malignant and unspecified (incl cysts and polyps)","DisGenet(1), OpenTargets(74)",2.7,0.3078202892856266,0.9400248029272366,0.9836130873622301,0.6239225461064316,0.9400248029272366
KNG1,Metabolism and nutrition disorders,"Clinvar(1), DisGenet(2), DrugBank(4), GWAS(13), HPO(2), OpenTargets(1), PheGenI(1)",1.91,0.9397485326981164,0.06182313793865573,0.9627094691485456,0.500785835318386,0.9397485326981164
PTPN11,"Neoplasms benign, malignant and unspecified (incl cysts and polyps)","Clinvar(1), DisGenet(19), Diseases(1), HPO(11), OpenTargets(150), TTD(1)",5.84,0.153956189681,0.939607327914344,0.999397310759042,0.546781758797672,0.939607327914344
FGF5,Vascular disorders,"DisGenet(1), GWAS(19), OpenTargets(12), PheGenI(1)",2.0,0.9394170084231723,0.5163306402102109,0.9663775605633412,0.7278738243166916,0.9394170084231723
ATL1,Nervous system disorders,"Clinvar(2), DisGenet(6), Diseases(4), HPO(41), OpenTargets(10)",3.28,0.6171815525159009,0.9393863117310478,0.9905959696022943,0.7782839321234744,0.9393863117310478
DNAJC5,Nervous system disorders,"Clinvar(3), DisGenet(2), Diseases(3), HPO(75), OpenTargets(3)",3.92,0.1574371945679134,0.9392451069472754,0.9952858617417026,0.5483411507575944,0.9392451069472754
PDYN,Nervous system disorders,"Clinvar(1), DisGenet(1), Diseases(2), GWAS(1), HPO(20), OpenTargets(1)",1.93,0.939214410255151,0.221918666044547,0.9642092647884006,0.580566538149849,0.939214410255151
FBXL3,Nervous system disorders,"Clinvar(1), DisGenet(5), GWAS(2), HPO(10), OpenTargets(1)",1.43,0.2518479408658923,0.9541268632892119,0.9391734151697575,0.6029874020775521,0.9391734151697575
APPL1,Metabolism and nutrition disorders,"Clinvar(1), DisGenet(1), Diseases(2), HPO(14), OpenTargets(1)",1.43,0.09669458019203851,0.9595663171336657,0.9391734151697575,0.5281304486628521,0.9391734151697575
CLVS1,Nervous system disorders,"DisGenet(5), GWAS(1)",0.31,0.9391039021635028,0.946888583286265,0.742873372912236,0.9429962427248839,0.9391039021635028
FAM135B,"Neoplasms benign, malignant and unspecified (incl cysts and polyps)",OpenTargets(86),2.17,0.9390056727487046,0.4356535939687139,0.9715419838867221,0.6873296333587093,0.9390056727487046
GABRA5,Nervous system disorders,"Clinvar(1), Diseases(1), DrugBank(9), HPO(42), OpenTargets(5)",3.13,0.9388521892880823,0.8829228162373223,0.9890199718745021,0.9108875027627024,0.9388521892880823
RUNX1T1,"Neoplasms benign, malignant and unspecified (incl cysts and polyps)","DisGenet(1), Diseases(2), OpenTargets(117)",4.08,0.6157203899707767,0.9386250337663613,0.9960755924712337,0.777172711868569,0.9386250337663613
ABCA12,Skin and subcutaneous tissue disorders,"Clinvar(3), DisGenet(5), Diseases(3), HPO(20), OpenTargets(8)",2.42,0.9386066157510866,0.6747992436335061,0.9779810603174164,0.8067029296922963,0.9386066157510866
KIF1A,Nervous system disorders,"Clinvar(5), DisGenet(33), Diseases(5), GWAS(1), HPO(66), OpenTargets(17)",4.97,0.7953205962525478,0.9383917389062154,0.9984690307787161,0.8668561675793816,0.9383917389062154
DSCAM,"Congenital, familial and genetic disorders","DisGenet(3), Diseases(1), GWAS(1), OpenTargets(3)",0.61,0.9383549028756661,0.951014218707792,0.843938123904595,0.9446845607917291,0.9383549028756661
BRIP1,"Neoplasms benign, malignant and unspecified (incl cysts and polyps)","Clinvar(2), DisGenet(14), Diseases(2), GWAS(1), HPO(11), OpenTargets(128), PheGenI(1)",5.66,0.9381830013997692,0.3237702905134943,0.999210269270469,0.6309766459566317,0.9381830013997692
ASS1,Metabolism and nutrition disorders,"Clinvar(4), DisGenet(2), Diseases(1), DrugBank(2), GWAS(1), HPO(7), OpenTargets(4)",1.73,0.4594987844109918,0.9381707227229193,0.9557161957146717,0.6988347535669556,0.9381707227229193
HORMAD2,Immune system disorders,"DisGenet(5), GWAS(7), OpenTargets(7), PheGenI(2)",1.42,0.9871994793841016,0.3518700424842219,0.9379957465380006,0.6695347609341618,0.9379957465380006
KCNJ8,"Congenital, familial and genetic disorders","DisGenet(1), Diseases(1), HPO(17), OpenTargets(2)",1.42,0.3060337418039832,0.9715994204464526,0.9379957465380006,0.6388165811252179,0.9379957465380006
KCNJ18,Nervous system disorders,"Clinvar(1), DisGenet(2), HPO(17), OpenTargets(1)",1.42,0.9691989391223201,0.1782802485204194,0.9379957465380006,0.5737395938213697,0.9379957465380006
BMP4,"Congenital, familial and genetic disorders","Clinvar(3), DisGenet(2), Diseases(2), GWAS(1), HPO(46), OpenTargets(8)",3.41,0.4964269050367132,0.9379804032317477,0.9917043636086538,0.7172036541342305,0.9379804032317477
FGF23,Metabolism and nutrition disorders,"Clinvar(4), DisGenet(1), Diseases(6), DrugBank(4), GWAS(2), HPO(13), OpenTargets(2)",2.34,0.937968124554898,0.2082954740797132,0.9759582412558104,0.5731317993173055,0.937968124554898
GRM6,Eye disorders,"Clinvar(2), DisGenet(3), Diseases(3), HPO(17), OpenTargets(3)",1.92,0.9378146410942757,0.8374855725547015,0.9635684745034742,0.8876501068244886,0.9378146410942757
TUBB6,Nervous system disorders,"Clinvar(1), DisGenet(12), HPO(5), OpenTargets(6)",1.57,0.3201664988580831,0.937796223079001,0.9473443572353882,0.6289813609685421,0.937796223079001
TBX22,"Congenital, familial and genetic disorders","Clinvar(2), DisGenet(3), Diseases(1), HPO(20), OpenTargets(5)",2.07,0.9376366002799539,0.06544534760934162,0.9683588148497086,0.5015409739446477,0.9376366002799539
GUCY2C,Gastrointestinal disorders,"Clinvar(3), DisGenet(3), DrugBank(1), HPO(8), OpenTargets(7), TTD(1)",1.76,0.9374708381424818,0.4867574470175094,0.9567068228578554,0.7121141425799956,0.9374708381424818
GRM7,Nervous system disorders,"Clinvar(1), DisGenet(5), Diseases(1), GWAS(1), HPO(43), OpenTargets(12)",3.45,0.9373296333587092,0.9292257066378528,0.9919502885288147,0.933277669998281,0.9373296333587092
RAD21,"Neoplasms benign, malignant and unspecified (incl cysts and polyps)","DisGenet(8), HPO(2), OpenTargets(100)",3.89,0.03708774342476855,0.9371393138675377,0.995168094878527,0.4871135286461531,0.9371393138675377
HS2ST1,"Congenital, familial and genetic disorders","Clinvar(1), HPO(21), OpenTargets(2)",1.4,0.4648215908253727,0.9550354853760958,0.9371228862579926,0.7099285381007343,0.9371228862579926
IMPDH2,Nervous system disorders,"DrugBank(1), HPO(20), OpenTargets(3)",1.4,0.2469855848333783,0.9797524618747084,0.9371228862579926,0.6133690233540434,0.9371228862579926
GTF2I,Musculoskeletal and connective tissue disorders,"DisGenet(1), GWAS(3), HPO(33), OpenTargets(2), PheGenI(1)",2.47,0.306328430048378,0.9367525355467695,0.9790444258172674,0.6215404827975738,0.9367525355467695
FZD4,Eye disorders,"Clinvar(1), DisGenet(9), Diseases(1), GWAS(1), HPO(51), OpenTargets(6)",3.63,0.5034932835637632,0.9365376587018983,0.9935332137191468,0.7200154711328308,0.9365376587018983
TEX11,Reproductive system and breast disorders,"DisGenet(1), GWAS(4), HPO(9), OpenTargets(4), PheGenI(1)",1.43,0.9365315193634733,0.1670513985412932,0.9391734151697575,0.5517914589523832,0.9365315193634733
FGF3,Ear and labyrinth disorders,"Clinvar(1), DisGenet(2), GWAS(1), HPO(10), OpenTargets(2), PheGenI(1)",1.39,0.9871994793841016,0.4302509761548096,0.9363816477662397,0.7087252277694556,0.9363816477662397
TCHH,Skin and subcutaneous tissue disorders,"Clinvar(2), DisGenet(2), GWAS(3), HPO(5), OpenTargets(4), PheGenI(1)",1.39,0.94124653127379,0.002566243461604578,0.9363816477662397,0.4719063873676973,0.9363816477662397
GAS2L2,"Respiratory, thoracic and mediastinal disorders","Clinvar(1), Diseases(1), GWAS(1), HPO(16), OpenTargets(1)",1.48,0.936101765673731,0.2350015962279905,0.9425747992767729,0.5855516809508607,0.936101765673731
IQSEC2,Nervous system disorders,"Clinvar(1), DisGenet(8), HPO(31), OpenTargets(13)",2.76,0.5908744873652415,0.9360526509663318,0.9845136574923972,0.7634635691657867,0.9360526509663318
CNBP,"Neoplasms benign, malignant and unspecified (incl cysts and polyps)",OpenTargets(47),1.38,0.0376893985904079,0.993216031040495,0.9360352746392524,0.5154527148154515,0.9360352746392524
TAB2,Cardiac disorders,"Clinvar(1), DisGenet(3), GWAS(4), HPO(16), OpenTargets(6)",2.02,0.1274158296701947,0.860901009307237,0.9668451642847742,0.4941584194887159,0.860901009307237
